PV technology (raw text),PV technology,PV technology detail,scope of study,duration (raw text),duration in years,start year,end year,system capacity (raw text),system capacity in Watts,number of PV modules in study,PV module nominal power (raw text),PV module nominal power in Watts,country,location (raw text),location,PV module name,bifacial,mounting,Annual power degradation rate (raw text),Annual power degradation rate in percent,location of information,confidence level,Annual degradation rate of other parameters,degradation metric,analysis method,number of measurements for degradation analysis,source of initial power value,other examination techs,faults (raw text),faults,grid-connected,materials and construction,note,event id,record scope,event name,event date,event date (raw text),primary cause,cause categories,cause (raw text),failure mode,impact summary,affected capacity (raw text),affected modules (raw text),city,county,state/region,latitude,longitude,location method,location precision,location evidence,event evidence,weather evidence,source title,source file,source pages,source URL,review status,workbook event id,hazard category (workbook),hazard detail (workbook),named event / cause (workbook),severity,reported loss,capacity MW (workbook),source type (workbook),workbook confidence,workbook verification status,source review / research needed,workbook notes,source capture status
not reported,not reported,not reported,system level,"September 24, 2023",not reported,2023,2023,not reported,not reported,not reported,not reported,not reported,United States,"north Austin-Round Rock area, Austin, Texas","30.267000, -97.743000",not reported,not reported,not reported,not reported,not reported,"[""text""]",0.96,not reported,not reported,not reported,not reported,not reported,"[""satellite imagery"", ""NOAA MRMS radar data""]",Visible module damage and broken front glass.,"[""hail damage"", ""broken front glass"", ""possible internal cell cracking""]",not reported,not reported,"Coordinates are an Austin locality centroid, not individual PV-site coordinates. | User-supplied web-search workbook record PV-0008; source capture statuses: capture_failed (https://onlinelibrary.wiley.com/doi/full/10.1002/pip.70001); captured (https://www.osti.gov/biblio/2562917) | Consolidated automatically: same_aggregate_date_location_cause.",PVF-001,multi-site study aggregate,Austin metropolitan area hailstorm PV damage,2023-09-24,"September 24, 2023",hail,"[""hail""]",Softball-sized hail up to 100 mm.,Visible module damage and broken front glass.,"5.5% of 11,386 identified PV sites had visible damage; 55 sites (0.5%) had more than 70% visible damage.",not reported,not reported,Austin,Travis County,Texas,30.267000,-97.743000,source_reported_workbook,Metro centroid,Workbook coordinate precision: Metro centroid.,Post-storm imagery was reviewed against pre-storm imagery to identify visible PV damage.,The report identifies up to 100 mm hail in the north Austin-Round Rock area.,Assessing the Impacts of Extreme Weather Events on Photovoltaic Installations Using Remote Sensing Imagery | Web source: onlinelibrary.wiley.com | Web source: www.osti.gov,Progress in Photovoltaics - 2025 - Perry - Assessing the Impacts of Extreme Weather Events on Photovoltaic Installations.pdf | www-osti-gov_2562917_6de14fd0c184.pdf,"2-3, 6-7 | web source",https://doi.org/10.1002/pip.70001 | https://onlinelibrary.wiley.com/doi/full/10.1002/pip.70001 | https://www.osti.gov/biblio/2562917,source-reviewed | verified_websearch_workbook,PV-0008,Hail,Hail,Severe thunderstorm,Mixed / regional,Unknown,not reported,supplied report | Government / public owner,High,source-reviewed | Verified,Resolve to named site(s) if possible,"Regional study entry, not a single solar farm.",supplied local report | capture_failed | captured
not reported,not reported,not reported,system level,"Hurricane Maria, September 2017",not reported,2017,2017,not reported,not reported,not reported,not reported,not reported,United States,"Humacao, southeastern Puerto Rico","18.138074, -65.819637",not reported,not reported,not reported,not reported,not reported,"[""text""]",0.95,not reported,not reported,not reported,not reported,not reported,"[""satellite imagery""]",Modules damaged by wind gusts.,"[""wind damage"", ""module damage""]",not reported,not reported,Coordinates are a Humacao locality centroid; the facility name and exact site coordinates are not reported.,PVF-002,single utility-scale PV site,Hurricane Maria damage at an unnamed Humacao utility PV site,2017-09,"Hurricane Maria, September 2017",hurricane,"[""hurricane"", ""wind""]",Wind gusts exceeding 170 km/h during Hurricane Maria.,Modules damaged by wind gusts.,More than 41% of modules were impacted.,not reported,not reported,Humacao,Humacao,Puerto Rico,18.138074,-65.819637,geocoded_openstreetmap,geocoded_city,The report identifies the utility site as being in Humacao in southeastern Puerto Rico.,The report describes this as one of the most heavily damaged utility sites in its data set.,Maximum wind gusts were reported as over 170 km/h.,Assessing the Impacts of Extreme Weather Events on Photovoltaic Installations Using Remote Sensing Imagery,Progress in Photovoltaics - 2025 - Perry - Assessing the Impacts of Extreme Weather Events on Photovoltaic Installations.pdf,2,https://doi.org/10.1002/pip.70001,source-reviewed,not applicable,hurricane,Wind gusts exceeding 170 km/h during Hurricane Maria.,Maximum wind gusts were reported as over 170 km/h.,not reported,not reported,not reported,supplied report,0.95,source-reviewed,not reported,Coordinates are a Humacao locality centroid; the facility name and exact site coordinates are not reported.,supplied local report
not reported,not reported,not reported,system level,Hurricane Irma (Aug-Sep 2017) and Hurricane Maria (Sep-Oct 2017),not reported,2017,2017,not reported,not reported,not reported,not reported,not reported,United States,"Puerto Rico, St. Thomas, and St. Croix",not reported,not reported,not reported,not reported,not reported,not reported,"[""text""]",0.93,not reported,not reported,not reported,not reported,not reported,"[""satellite imagery""]",Visible PV installation damage in post-storm imagery.,"[""wind damage"", ""missing or damaged modules""]",not reported,not reported,Multi-island portfolio record; no single coordinate is assigned.,PVF-003,multi-site study aggregate,Hurricanes Irma and Maria PV damage portfolio,2017-08 to 2017-10,Hurricane Irma (Aug-Sep 2017) and Hurricane Maria (Sep-Oct 2017),hurricane,"[""hurricane"", ""wind""]",Hurricane wind gusts.,Visible PV installation damage in post-storm imagery.,"17% of 1,534 compiled sites were damaged; 2.8% had more than 50% damage.",not reported,not reported,not reported,not reported,Puerto Rico and U.S. Virgin Islands,not reported,not reported,unmapped,not_reported,"The report maps sites across Puerto Rico, St. Thomas, and St. Croix.",Damage levels were manually calculated from post-hurricane imagery.,The two hurricanes occurred in close succession in 2017.,Assessing the Impacts of Extreme Weather Events on Photovoltaic Installations Using Remote Sensing Imagery,Progress in Photovoltaics - 2025 - Perry - Assessing the Impacts of Extreme Weather Events on Photovoltaic Installations.pdf,"5, 7",https://doi.org/10.1002/pip.70001,source-reviewed,not applicable,hurricane,Hurricane wind gusts.,The two hurricanes occurred in close succession in 2017.,not reported,not reported,not reported,supplied report,0.93,source-reviewed,not reported,Multi-island portfolio record; no single coordinate is assigned.,supplied local report
not reported,not reported,not reported,system level,"June 23, 2016",not reported,2016,2016,not reported,not reported,not reported,not reported,not reported,Netherlands,southeast Netherlands; Noord-Brabant/Limburg,not reported,not reported,not reported,not reported,not reported,not reported,"[""text""]",0.91,not reported,not reported,not reported,not reported,not reported,"[""insurance-loss analysis""]",Visible solar-panel damage and invisible cell cracks.,"[""hail damage"", ""cell cracks""]",not reported,not reported,"The report names a multi-province area, so no single map point is assigned.",PVF-004,regional multi-system event,Southeast Netherlands hailstorm PV damage,2016-06-23,"June 23, 2016",hail,"[""hail""]",Hailstones of 6-7 cm; visible damage was most pronounced in 4-5 cm hail areas.,Visible solar-panel damage and invisible cell cracks.,Insured PV losses were documented; individual site counts are not reported.,not reported,not reported,not reported,not reported,Noord-Brabant/Limburg,not reported,not reported,unmapped,not_reported,The report names Noord-Brabant/Limburg in the southeast Netherlands.,The loss analysis documented visible and invisible PV hail damage.,Local reports documented hail in the 6-7 cm range.,IEA PVPS T13-33: Operational and Economic Impacts of Extreme Weather on PV Power Plants,IEA-PVPS-T13-33-2025-REPORT-Extreme-Weather-Impacts.pdf,24-25,https://doi.org/10.69766/FFNG4976,source-reviewed,not applicable,hail,Hailstones of 6-7 cm; visible damage was most pronounced in 4-5 cm hail areas.,Local reports documented hail in the 6-7 cm range.,not reported,not reported,not reported,supplied report,0.91,source-reviewed,not reported,"The report names a multi-province area, so no single map point is assigned.",supplied local report
not reported,not reported,not reported,system level,May 2019,not reported,2019,2019,182 MW,182000000,400000,not reported,not reported,United States,"Pecos County, West Texas","30.750000, -102.600000",not reported,not reported,not reported,not reported,not reported,"[""text""]",0.97,not reported,not reported,not reported,not reported,not reported,"[""insurance reports""]",Broken glass and cracked cells in PV modules.,"[""hail damage"", ""broken glass"", ""cracked cells""]",not reported,not reported,"Coordinates are a Pecos County centroid, not the solar farm location. | User-supplied web-search workbook record PV-0004; source capture statuses: capture_failed (https://www.jsheld.com/insights/articles/solar-farm-hail-damage-the-perfect-storm); captured (https://axaxl.com/fast-fast-forward/articles/new-energy-sources-fuel-insurance-claims-and-coverage-lessons) | Consolidated automatically: same_facility_date_cause.",PVF-005,single utility-scale PV farm,Midway Solar Farm hail damage,2019-05,May 2019,hail,"[""hail""]",Seasonal thunderstorms produced damaging hail.,Broken glass and cracked cells in PV modules.,"More than 400,000 modules were damaged; insured loss was $70-80 million.",182 MW,400000,not reported,Pecos County,Texas,30.750000,-102.600000,source_reported_workbook,County-level approximate,Workbook coordinate precision: County-level approximate.,"The report describes more than 400,000 damaged modules at the 600-hectare site.",Seasonal West Texas thunderstorms produced damaging hail.,IEA PVPS T13-33: Operational and Economic Impacts of Extreme Weather on PV Power Plants | Web source: www.jsheld.com | Web source: axaxl.com,IEA-PVPS-T13-33-2025-REPORT-Extreme-Weather-Impacts.pdf | axaxl-com_new-energy-sources-fuel-insurance-claims-and-coverage-lessons_a3aaf27c5fa5.pdf,25 | web source,https://doi.org/10.69766/FFNG4976 | https://www.jsheld.com/insights/articles/solar-farm-hail-damage-the-perfect-storm | https://axaxl.com/fast-fast-forward/articles/new-energy-sources-fuel-insurance-claims-and-coverage-lessons,source-reviewed | partially_verified_websearch_workbook,PV-0004,Hail,Hail,Severe convective storm,Catastrophic,~$70–80 million,182,supplied report | Insurer / engineering / owner,Medium,source-reviewed | Partially verified,"Verify date, site identity, and damage details","AXA XL describes a 1,500-acre West Texas solar farm near Midland with 685,000 modules, over 400,000 damaged, and $70 million insured loss. This likely corresponds to the widely reported Midway/West Texas event, but the public insurer article does not name the project.",supplied local report | capture_failed | captured
not reported,not reported,not reported,system level,June and July 2021; most severe storm on June 28,not reported,2021,2021,not reported,not reported,6000,not reported,not reported,Switzerland,Switzerland,not reported,not reported,not reported,not reported,not reported,not reported,"[""text""]",0.96,not reported,not reported,not reported,not reported,not reported,"[""EL""]",Glass breakage and cell cracks identified by electroluminescence.,"[""hail damage"", ""glass breakage"", ""cell cracks""]",not reported,not reported,National multi-system record; no arbitrary country-centroid coordinate is used.,PVF-006,national multi-system event,Switzerland hailstorm PV damage portfolio,2021-06 to 2021-07,June and July 2021; most severe storm on June 28,hail,"[""hail""]",Hailstones up to 9 cm during widespread hailstorms.,Glass breakage and cell cracks identified by electroluminescence.,"About 6,000 modules from 411 affected systems were imaged; 57% had significant cell cracks.",not reported,6000,not reported,not reported,not reported,not reported,not reported,unmapped,not_reported,The source describes a national portfolio across Switzerland.,EL images from 411 affected systems identified significant cell cracks.,The report states hailstones reached up to 9 cm.,IEA PVPS T13-33: Operational and Economic Impacts of Extreme Weather on PV Power Plants,IEA-PVPS-T13-33-2025-REPORT-Extreme-Weather-Impacts.pdf,25,https://doi.org/10.69766/FFNG4976,source-reviewed,not applicable,hail,Hailstones up to 9 cm during widespread hailstorms.,The report states hailstones reached up to 9 cm.,not reported,not reported,not reported,supplied report,0.96,source-reviewed,not reported,National multi-system record; no arbitrary country-centroid coordinate is used.,supplied local report
not reported,not reported,not reported,system level,"Texas hail season, May-June 2022",not reported,2022,2022,347 MW; 415 MW; 500 MW; 500 MW,not reported,not reported,not reported,not reported,United States,"West Texas; Andrews, Brown, and Pecos counties",not reported,not reported,not reported,not reported,not reported,not reported,"[""text""]",0.94,not reported,not reported,not reported,not reported,not reported,"[""insurance reports""]",Significant hail damage to four solar farms.,"[""hail damage""]",not reported,not reported,"The report does not match a named facility to each county/capacity, so this remains one multi-facility record.",PVF-007,multi-facility event,West Texas multi-farm hail damage,2022-05 to 2022-06,"Texas hail season, May-June 2022",hail,"[""hail""]",Damaging 6-9 cm hail.,Significant hail damage to four solar farms.,Cumulative estimated hail damage was $300 million.,347 MW; 415 MW; 500 MW; 500 MW,not reported,not reported,"Andrews, Brown, and Pecos counties",Texas,not reported,not reported,unmapped,not_reported,"The report lists four farms across Andrews, Brown, and Pecos counties.",Four farms incurred significant hail damage according to insurance reports.,Damaging hail sizes ranged from 6 to 9 cm.,IEA PVPS T13-33: Operational and Economic Impacts of Extreme Weather on PV Power Plants,IEA-PVPS-T13-33-2025-REPORT-Extreme-Weather-Impacts.pdf,25,https://doi.org/10.69766/FFNG4976,source-reviewed,not applicable,hail,Damaging 6-9 cm hail.,Damaging hail sizes ranged from 6 to 9 cm.,not reported,$300 million,347,supplied report,0.94,source-reviewed,not reported,"The report does not match a named facility to each county/capacity, so this remains one multi-facility record.",supplied local report
not reported,not reported,not reported,system level,October 2018,not reported,2018,2018,55 MW,55000000,2000,not reported,not reported,Australia,"Darling Downs, Queensland; Oakey 2 Solar Project","-27.453596, 151.709983",not reported,not reported,tracker,not reported,not reported,"[""text""]",0.97,not reported,not reported,not reported,not reported,not reported,"[""post-event assessment""]",Structural damage consistent with torsional galloping in single-axis trackers.,"[""tracker torsional instability"", ""structural damage""]",not reported,not reported,"Coordinates are the Oakey locality centroid, not project coordinates.",PVF-008,single utility-scale PV project,Oakey 2 Solar Project tracker wind damage,2018-10,October 2018,wind,"[""wind""]",Seasonal thunderstorm with recorded wind gusts peaking at 74 km/h.,Structural damage consistent with torsional galloping in single-axis trackers.,"Approximately 2,000 modules on trackers were damaged.",55 MW,2000,Oakey,not reported,Queensland,-27.453596,151.709983,geocoded_openstreetmap,geocoded_city,"The source names the 55 MW Oakey 2 project in Darling Downs, Queensland.",The report attributes structural damage to torsional galloping in two-up portrait trackers.,Recorded gusts peaked at 74 km/h.,IEA PVPS T13-33: Operational and Economic Impacts of Extreme Weather on PV Power Plants,IEA-PVPS-T13-33-2025-REPORT-Extreme-Weather-Impacts.pdf,25-26,https://doi.org/10.69766/FFNG4976,source-reviewed,not applicable,wind,Seasonal thunderstorm with recorded wind gusts peaking at 74 km/h.,Recorded gusts peaked at 74 km/h.,not reported,not reported,55,supplied report,0.97,source-reviewed,not reported,"Coordinates are the Oakey locality centroid, not project coordinates.",supplied local report
not reported,not reported,not reported,system level,March 2023,not reported,2023,2023,not reported,not reported,not reported,not reported,not reported,United States,"Lamar County, northern Texas","33.638355, -95.582343",not reported,not reported,tracker,not reported,not reported,"[""text""]",0.92,not reported,not reported,not reported,not reported,not reported,"[""insurance-industry reports""]",Damage consistent with torsional tracker instability.,"[""tracker torsional instability"", ""wind damage""]",not reported,not reported,"Coordinates are a Lamar County centroid, not project coordinates.",PVF-009,single utility-scale PV project,Lamar County utility-scale PV wind damage,2023-03,March 2023,wind,"[""wind""]",Straight-line wind gusts in the 80 km/h range.,Damage consistent with torsional tracker instability.,Estimated damages were $30 million.,not reported,not reported,not reported,Lamar County,Texas,33.638355,-95.582343,geocoded_openstreetmap,geocoded_county,"The report identifies a utility-scale project in Lamar County, northern Texas.",The report describes damage consistent with torsional tracker instability.,"The site experienced wind gusts around 80 km/h, below its design wind speed.",IEA PVPS T13-33: Operational and Economic Impacts of Extreme Weather on PV Power Plants,IEA-PVPS-T13-33-2025-REPORT-Extreme-Weather-Impacts.pdf,26,https://doi.org/10.69766/FFNG4976,source-reviewed,not applicable,wind,Straight-line wind gusts in the 80 km/h range.,"The site experienced wind gusts around 80 km/h, below its design wind speed.",not reported,$30 million,not reported,supplied report,0.92,source-reviewed,not reported,"Coordinates are a Lamar County centroid, not project coordinates.",supplied local report
not reported,not reported,not reported,system level,not reported,not reported,not reported,not reported,not reported,not reported,not reported,not reported,not reported,India,southern India,not reported,not reported,not reported,rack,not reported,not reported,"[""text"", ""figure""]",0.91,not reported,not reported,not reported,not reported,not reported,"[""field surveys"", ""EL""]","Destroyed modules and structures, uprooted foundations, broken glass from waterborne debris, waterlogged electrical equipment, and inverter/SCB short-circuit fire.","[""destroyed modules"", ""structural damage"", ""uprooted foundations"", ""broken glass"", ""water ingress"", ""short circuit"", ""inverter fire""]",not reported,not reported,"The chapter covers more than one nearby flood case; no city or facility is reported, so this record is intentionally unmapped.",PVF-010,multiple PV flood case studies,Southern India flood damage to PV case studies,not reported,not reported,flood,"[""flood""]",Fast-flowing flood waters and equipment submergence.,"Destroyed modules and structures, uprooted foundations, broken glass from waterborne debris, waterlogged electrical equipment, and inverter/SCB short-circuit fire.",The report documents severe structural damage and up to 1-3 feet of submergence for about two days in a flood-affected plant.,not reported,not reported,not reported,not reported,southern India,not reported,not reported,unmapped,not_reported,The source localizes the fixed-tilt flood case to southern India.,Figures and field-survey text document destroyed structures and flood-related electrical damage.,Fast-flowing flood waters and sustained submergence are reported.,IEA PVPS T13-33: Operational and Economic Impacts of Extreme Weather on PV Power Plants,IEA-PVPS-T13-33-2025-REPORT-Extreme-Weather-Impacts.pdf,51-54,https://doi.org/10.69766/FFNG4976,source-reviewed,not applicable,flood,Fast-flowing flood waters and equipment submergence.,Fast-flowing flood waters and sustained submergence are reported.,not reported,not reported,not reported,supplied report,0.91,source-reviewed,not reported,"The chapter covers more than one nearby flood case; no city or facility is reported, so this record is intentionally unmapped.",supplied local report
not reported,not reported,not reported,system level,2014,not reported,2014,2014,not reported,not reported,not reported,not reported,not reported,Australia,Canberra,"-35.297591, 149.101268",not reported,not reported,not reported,not reported,not reported,"[""text""]",0.91,not reported,not reported,not reported,not reported,not reported,"[""generation data""]",Generation curtailment due to irradiance-blocking smoke.,"[""smoke-related generation loss""]",not reported,not reported,"Coordinates are a Canberra locality centroid, not the PV-site location.",PVF-011,single PV site,Canberra wildfire-smoke PV generation loss,2014,2014,wildfire,"[""wildfire"", ""smoke""]",Wildfire smoke reduced irradiance.,Generation curtailment due to irradiance-blocking smoke.,Peak PV generation at one site fell by 27%.,not reported,not reported,Canberra,not reported,Australian Capital Territory,-35.297591,149.101268,geocoded_openstreetmap,geocoded_city,The report identifies a PV site in Canberra.,The report gives a 27% peak-generation reduction at the site.,The performance loss is attributed to a 2014 fire event.,IEA PVPS T13-33: Operational and Economic Impacts of Extreme Weather on PV Power Plants,IEA-PVPS-T13-33-2025-REPORT-Extreme-Weather-Impacts.pdf,57,https://doi.org/10.69766/FFNG4976,source-reviewed,not applicable,wildfire,Wildfire smoke reduced irradiance.,The performance loss is attributed to a 2014 fire event.,not reported,not reported,not reported,supplied report,0.91,source-reviewed,not reported,"Coordinates are a Canberra locality centroid, not the PV-site location.",supplied local report
not reported,not reported,not reported,system level,New South Wales Wildfires of 2019-2020,not reported,2019,2020,not reported,not reported,not reported,not reported,not reported,Australia,New South Wales,not reported,not reported,not reported,roof,not reported,not reported,"[""text""]",0.94,not reported,not reported,not reported,not reported,not reported,"[""time-series generation data"", ""PM2.5 sensors""]",Reduced PV output due to smoke attenuation.,"[""smoke-related generation loss""]",not reported,not reported,State-wide portfolio; no arbitrary state-centroid coordinate is used.,PVF-012,multi-site study aggregate,New South Wales wildfire-smoke rooftop PV losses,2019-2020,New South Wales Wildfires of 2019-2020,wildfire,"[""wildfire"", ""smoke""]",Wildfire smoke particulate matter (PM2.5).,Reduced PV output due to smoke attenuation.,170 distributed rooftop systems had an estimated total energy loss of 175 ± 35 GWh.,not reported,not reported,not reported,not reported,New South Wales,not reported,not reported,unmapped,not_reported,The study covers 170 distributed rooftop PV systems across New South Wales.,Historic energy data were correlated with nearby PM2.5 measurements.,The event is the New South Wales wildfires of 2019-2020.,IEA PVPS T13-33: Operational and Economic Impacts of Extreme Weather on PV Power Plants,IEA-PVPS-T13-33-2025-REPORT-Extreme-Weather-Impacts.pdf,57-58,https://doi.org/10.69766/FFNG4976,source-reviewed,not applicable,wildfire,Wildfire smoke particulate matter (PM2.5).,The event is the New South Wales wildfires of 2019-2020.,not reported,not reported,not reported,supplied report,0.94,source-reviewed,not reported,State-wide portfolio; no arbitrary state-centroid coordinate is used.,supplied local report
not reported,not reported,not reported,system level,California wildfires of 2020,not reported,2020,2020,not reported,not reported,not reported,not reported,not reported,United States,California,not reported,not reported,not reported,not reported,not reported,not reported,"[""text""]",0.92,not reported,not reported,not reported,not reported,not reported,"[""generation analysis"", ""satellite/forecast smoke model""]",Reduced solar generation during peak wildfire season.,"[""smoke-related generation loss""]",not reported,not reported,State-wide aggregate; no single coordinate is assigned.,PVF-013,regional generation aggregate,California wildfire-smoke solar generation decline,2020,California wildfires of 2020,wildfire,"[""wildfire"", ""smoke""]",Wildfire smoke reduced solar irradiance.,Reduced solar generation during peak wildfire season.,California solar generation declined by nearly 30% on average relative to the same month in the prior year.,not reported,not reported,not reported,not reported,California,not reported,not reported,unmapped,not_reported,The source reports a California-wide generation comparison.,The report cites a nearly 30% average decline in solar generation.,The effect is attributed to the 2020 California wildfire season.,IEA PVPS T13-33: Operational and Economic Impacts of Extreme Weather on PV Power Plants,IEA-PVPS-T13-33-2025-REPORT-Extreme-Weather-Impacts.pdf,58-59,https://doi.org/10.69766/FFNG4976,source-reviewed,not applicable,wildfire,Wildfire smoke reduced solar irradiance.,The effect is attributed to the 2020 California wildfire season.,not reported,not reported,not reported,supplied report,0.92,source-reviewed,not reported,State-wide aggregate; no single coordinate is assigned.,supplied local report
not reported,not reported,not reported,system level,not reported,not reported,not reported,not reported,not reported,not reported,not reported,not reported,not reported,Singapore,Singapore,"1.357107, 103.819499",not reported,not reported,not reported,not reported,not reported,"[""text""]",0.88,not reported,not reported,not reported,not reported,not reported,"[""generation analysis""]",Reduced PV energy output due to smoke attenuation.,"[""smoke-related generation loss""]",not reported,not reported,Coordinates are a Singapore locality centroid; the event date and facility are not reported.,PVF-014,single PV system,Singapore PV smoke-related generation loss from Sumatra fires,not reported,not reported,wildfire,"[""wildfire"", ""smoke""]",Smoke from burning forests in Sumatra.,Reduced PV energy output due to smoke attenuation.,Energy output fell by 15-25%.,not reported,not reported,Singapore,not reported,Singapore,1.357107,103.819499,geocoded_openstreetmap,geocoded_city,The source identifies the affected PV system as being in Singapore.,The report states a 15-25% reduction in PV energy output.,The source attributes the loss to smoke from burning forests in Sumatra.,IEA PVPS T13-33: Operational and Economic Impacts of Extreme Weather on PV Power Plants,IEA-PVPS-T13-33-2025-REPORT-Extreme-Weather-Impacts.pdf,57,https://doi.org/10.69766/FFNG4976,source-reviewed,not applicable,wildfire,Smoke from burning forests in Sumatra.,The source attributes the loss to smoke from burning forests in Sumatra.,not reported,not reported,not reported,supplied report,0.88,source-reviewed,not reported,Coordinates are a Singapore locality centroid; the event date and facility are not reported.,supplied local report
not reported,not reported,not reported,system level,not reported,not reported,not reported,not reported,not reported,not reported,not reported,not reported,not reported,United States,"Las Vegas, USA","36.167426, -115.148413",not reported,not reported,roof,not reported,not reported,"[""text""]",0.88,not reported,not reported,not reported,not reported,not reported,"[""performance-loss-rate analysis""]",Higher post-event performance loss rates on exposed building and carport subsystems.,"[""wind-related performance degradation""]",not reported,not reported,Coordinates are a Las Vegas locality centroid; source date and facility name are not reported.,PVF-015,single multi-building PV site,Las Vegas high-wind PV performance degradation,not reported,not reported,wind,"[""wind""]",High wind event in the 90-115 km/h range.,Higher post-event performance loss rates on exposed building and carport subsystems.,The source reports elevated post-windstorm performance loss rates for exposed subsystems; no numerical value is reported.,not reported,not reported,Las Vegas,Clark County,Nevada,36.167426,-115.148413,geocoded_openstreetmap,geocoded_city,"The report identifies the site as Las Vegas, USA.",Exposed carport/building subsystems had greater post-storm performance loss rates.,Wind gusts were in the 90-115 km/h category.,Extreme weather impact on PV - resilience lessons for long-term performance,jordan_extreme_weather_impacts.pdf,2-3,not reported,source-reviewed,not applicable,wind,High wind event in the 90-115 km/h range.,Wind gusts were in the 90-115 km/h category.,not reported,not reported,not reported,supplied report,0.88,source-reviewed,not reported,Coordinates are a Las Vegas locality centroid; source date and facility name are not reported.,supplied local report
not reported,not reported,not reported,system level,not reported,not reported,not reported,not reported,not reported,not reported,about 6 uplifted,not reported,not reported,United States,"Colorado, USA",not reported,not reported,not reported,roof,not reported,not reported,"[""text""]",0.91,not reported,not reported,not reported,not reported,not reported,"[""visual inspection"", ""performance-loss-rate analysis""]",Modules uplifted from roof; double-clamp failure and bent mounting rack.,"[""module uplift"", ""double-clamp failure"", ""bent mounting rack""]",not reported,not reported,Only the state is supplied; no coordinate is assigned.,PVF-016,single rooftop PV site,Colorado rooftop PV windstorm damage,not reported,not reported,wind,"[""wind""]",Wind gusts in the 90-115 km/h range.,Modules uplifted from roof; double-clamp failure and bent mounting rack.,About half a dozen modules were uplifted from the roof to the ground.,not reported,about 6 uplifted,not reported,not reported,Colorado,not reported,not reported,unmapped,not_reported,"The figure caption identifies a PV site in Colorado, USA.","The text describes uplifted modules, double-clamp failure, and a bent mounting rack.",The site was exposed to wind gusts in the 90-115 km/h category.,Extreme weather impact on PV - resilience lessons for long-term performance,jordan_extreme_weather_impacts.pdf,3,not reported,source-reviewed,not applicable,wind,Wind gusts in the 90-115 km/h range.,The site was exposed to wind gusts in the 90-115 km/h category.,not reported,not reported,not reported,supplied report,0.91,source-reviewed,not reported,Only the state is supplied; no coordinate is assigned.,supplied local report
not reported,not reported,not reported,system level,2017-09-20,not reported,2017,2017,not reported,not reported,not reported,not reported,not reported,Puerto Rico,"Humacao, Humacao Municipality, Puerto Rico, Puerto Rico","18.151600, -65.827400",not reported,not reported,not reported,not reported,not reported,"[""web-search workbook""]",0.9,not reported,not reported,not reported,not reported,not reported,not reported,Majority of newly added panels reportedly ripped from foundations; extensive array destruction.,"[""hurricane"", ""wind""]",not reported,not reported,User-supplied web-search workbook record PV-0001; source capture statuses: capture_failed (https://www.fema.gov/sites/default/files/2020-07/mat-report_hurricane-irma-maria-puerto-rico_2.pdf); captured (https://www.theweatherjunkies.com/single-post/2017/09/28/puerto-rican-solar-farms-heavily-damaged-by-hurricane-maria),PVF-017,Discrete incident,Reden Solar Array / Humacao solar farm,2017-09-20,2017-09-20,hurricane,"[""hurricane"", ""wind""]",Hurricane | Hurricane / extreme wind | Hurricane Maria,Majority of newly added panels reportedly ripped from foundations; extensive array destruction.,Majority of newly added panels reportedly ripped from foundations; extensive array destruction.,not reported,not reported,Humacao,Humacao Municipality,Puerto Rico,18.151600,-65.827400,source_reported_workbook,Site/municipality approximate,Workbook coordinate precision: Site/municipality approximate.,FEMA report specifically identifies Reden Solar Array damage in Humacao.,Hurricane / extreme wind | Hurricane Maria,Web source: www.fema.gov | Web source: www.theweatherjunkies.com,www-theweatherjunkies-com_puerto-rican-solar-farms-heavily-damaged-by-hurricane-maria_ef19c03681ca.pdf,web source,https://www.fema.gov/sites/default/files/2020-07/mat-report_hurricane-irma-maria-puerto-rico_2.pdf | https://www.theweatherjunkies.com/single-post/2017/09/28/puerto-rican-solar-farms-heavily-damaged-by-hurricane-maria,verified_websearch_workbook,PV-0001,Hurricane,Hurricane / extreme wind,Hurricane Maria,Major,Unknown,not reported,Government / public owner,High,Verified,No immediate source review required,FEMA report specifically identifies Reden Solar Array damage in Humacao.,capture_failed | captured
not reported,not reported,not reported,system level,2017-09-06,not reported,2017,2017,not reported,not reported,not reported,not reported,not reported,U.S. Virgin Islands,"St. Thomas / St. John / St. Croix, Multiple islands, U.S. Virgin Islands, U.S. Virgin Islands",not reported,not reported,not reported,not reported,not reported,not reported,"[""web-search workbook""]",0.62,not reported,not reported,not reported,not reported,not reported,not reported,Regional post-storm assessments documented catastrophic damage at a portion of installed PV systems.,"[""hurricane"", ""wind""]",not reported,not reported,User-supplied web-search workbook record PV-0002; source capture statuses: captured (https://rmi.org/app/uploads/2018/06/Islands_SolarUnderStorm_Report_digitalJune122018.pdf),PVF-018,Regional / portfolio evidence,Solar installations assessed after Hurricane Irma,2017-09-06,2017-09-06,hurricane,"[""hurricane"", ""wind""]",Hurricane | Hurricane / extreme wind | Hurricane Irma,Regional post-storm assessments documented catastrophic damage at a portion of installed PV systems.,Regional post-storm assessments documented catastrophic damage at a portion of installed PV systems.,not reported,not reported,St. Thomas / St. John / St. Croix,Multiple islands,U.S. Virgin Islands,not reported,not reported,unmapped,not_reported,Regional only,Regional portfolio entry; not a single named plant.,Hurricane / extreme wind | Hurricane Irma,Web source: rmi.org,rmi-org_islands-solarunderstorm-report-digitaljune122018-pdf_efe751ac3f9b.pdf,web source,https://rmi.org/app/uploads/2018/06/Islands_SolarUnderStorm_Report_digitalJune122018.pdf,partially_verified_websearch_workbook,PV-0002,Hurricane,Hurricane / extreme wind,Hurricane Irma,Mixed / regional,Unknown,not reported,News / trade publication,Medium,Partially verified,"Look for independent corroborating source; Verify date, site identity, and damage details; Resolve to named site(s) if possible",Regional portfolio entry; not a single named plant.,captured
not reported,not reported,not reported,system level,2017-09-20,not reported,2017,2017,not reported,not reported,not reported,not reported,not reported,Puerto Rico,"Island-wide, Multiple municipalities, Puerto Rico, Puerto Rico",not reported,not reported,not reported,not reported,not reported,not reported,"[""web-search workbook""]",0.9,not reported,not reported,not reported,not reported,not reported,not reported,"Regional studies documented widespread PV damage, with large differences by racking and construction practice.","[""hurricane"", ""wind""]",not reported,not reported,User-supplied web-search workbook record PV-0003; source capture statuses: captured (https://rmi.org/app/uploads/2018/06/Islands_SolarUnderStorm_Report_digitalJune122018.pdf); capture_failed (https://www.fema.gov/sites/default/files/2020-07/mat-report_hurricane-irma-maria-puerto-rico_2.pdf),PVF-019,Regional / portfolio evidence,Puerto Rico PV installations assessed after Maria,2017-09-20,2017-09-20,hurricane,"[""hurricane"", ""wind""]",Hurricane | Hurricane / extreme wind | Hurricane Maria,"Regional studies documented widespread PV damage, with large differences by racking and construction practice.","Regional studies documented widespread PV damage, with large differences by racking and construction practice.",not reported,not reported,Island-wide,Multiple municipalities,Puerto Rico,not reported,not reported,unmapped,not_reported,Regional only,Regional portfolio entry.,Hurricane / extreme wind | Hurricane Maria,Web source: rmi.org | Web source: www.fema.gov,rmi-org_islands-solarunderstorm-report-digitaljune122018-pdf_efe751ac3f9b.pdf,web source,https://rmi.org/app/uploads/2018/06/Islands_SolarUnderStorm_Report_digitalJune122018.pdf | https://www.fema.gov/sites/default/files/2020-07/mat-report_hurricane-irma-maria-puerto-rico_2.pdf,verified_websearch_workbook,PV-0003,Hurricane,Hurricane / extreme wind,Hurricane Maria,Mixed / regional,Unknown,not reported,Government / public owner,High,Verified,Resolve to named site(s) if possible,Regional portfolio entry.,captured | capture_failed
not reported,not reported,not reported,system level,2019-09-09,not reported,2019,2019,13.7 MW,13700000,not reported,not reported,not reported,Japan,"Yamakura Dam, Ichihara, Chiba Prefecture, Japan","35.470000, 140.150000",not reported,not reported,not reported,not reported,not reported,"[""web-search workbook""]",0.9,not reported,not reported,not reported,not reported,not reported,not reported,High winds displaced and stacked floating modules; a fire followed. Reports describe extensive damage to the 13.7 MW plant.,"[""hurricane"", ""wind"", ""equipment_failure""]",not reported,not reported,User-supplied web-search workbook record PV-0005; source capture statuses: captured (https://www.pv-magazine.com/2019/09/09/japans-largest-floating-pv-plant-catches-fire-after-typhoon-faxai-impact/); captured (https://solaredition.com/destruction-of-floating-pv-plant-by-typhoon-at-yamakura-dam-wind-resistance-in-spotlight/),PVF-020,Discrete incident,Yamakura Dam Floating Solar Plant,2019-09-09,2019-09-09,hurricane,"[""hurricane"", ""wind"", ""equipment_failure""]",Typhoon | Typhoon / wind / fire | Typhoon Faxai,High winds displaced and stacked floating modules; a fire followed. Reports describe extensive damage to the 13.7 MW plant.,High winds displaced and stacked floating modules; a fire followed. Reports describe extensive damage to the 13.7 MW plant.,13.7 MW,not reported,Yamakura Dam,Ichihara,Chiba Prefecture,35.470000,140.150000,source_reported_workbook,Approximate dam location,Workbook coordinate precision: Approximate dam location.,Secondary source reports vary on the fraction destroyed.,Typhoon / wind / fire | Typhoon Faxai,Web source: www.pv-magazine.com | Web source: solaredition.com,www-pv-magazine-com_page_4d9457bd390b.pdf | solaredition-com_page_e4ec6f6bfbb1.pdf,web source,https://www.pv-magazine.com/2019/09/09/japans-largest-floating-pv-plant-catches-fire-after-typhoon-faxai-impact/ | https://solaredition.com/destruction-of-floating-pv-plant-by-typhoon-at-yamakura-dam-wind-resistance-in-spotlight/,verified_websearch_workbook,PV-0005,Typhoon,Typhoon / wind / fire,Typhoon Faxai,Major,Unknown,13.7,News / trade publication,High,Verified,No immediate source review required,Secondary source reports vary on the fraction destroyed.,captured | captured
not reported,not reported,not reported,system level,2019-09-22,not reported,2019,2019,2.4 MW,2400000,not reported,not reported,not reported,Japan,"Shintaku Tameike, Not identified, Kyushu region, Japan",not reported,not reported,not reported,not reported,not reported,not reported,"[""web-search workbook""]",0.62,not reported,not reported,not reported,not reported,not reported,not reported,A 2.4 MW floating installation was reported destroyed shortly after the Yamakura event.,"[""hurricane"", ""wind""]",not reported,not reported,User-supplied web-search workbook record PV-0006; source capture statuses: captured (https://solaredition.com/destruction-of-floating-pv-plant-by-typhoon-at-yamakura-dam-wind-resistance-in-spotlight/),PVF-021,Discrete incident,Shintaku Tameike Floating PV,2019-09-22,2019-09-22,hurricane,"[""hurricane"", ""wind""]",Typhoon | Typhoon / wind | Typhoon Tapah (No. 17),A 2.4 MW floating installation was reported destroyed shortly after the Yamakura event.,A 2.4 MW floating installation was reported destroyed shortly after the Yamakura event.,2.4 MW,not reported,Shintaku Tameike,Not identified,Kyushu region,not reported,not reported,unmapped,not_reported,Location not reliably resolved,Single trade-source report; retain as medium confidence.,Typhoon / wind | Typhoon Tapah (No. 17),Web source: solaredition.com,solaredition-com_page_e4ec6f6bfbb1.pdf,web source,https://solaredition.com/destruction-of-floating-pv-plant-by-typhoon-at-yamakura-dam-wind-resistance-in-spotlight/,partially_verified_websearch_workbook,PV-0006,Typhoon,Typhoon / wind,Typhoon Tapah (No. 17),Major,Unknown,2.4,News / trade publication,Medium,Partially verified,"Look for independent corroborating source; Verify date, site identity, and damage details",Single trade-source report; retain as medium confidence.,captured
not reported,not reported,not reported,system level,2023-06-23,not reported,2023,2023,4.375 MW,4375000,not reported,not reported,not reported,United States,"Scottsbluff, Scotts Bluff County, Nebraska, United States","41.870000, -103.660000",not reported,not reported,not reported,not reported,not reported,"[""web-search workbook""]",0.9,not reported,not reported,not reported,not reported,not reported,not reported,"Baseball-sized hail destroyed or damaged more than 14,000 panels; the project was offline for roughly six months.","[""hail""]",not reported,not reported,User-supplied web-search workbook record PV-0007; source capture statuses: captured (https://www.nppd.com/press-releases/scottsbluff-community-solar-array-is-back-online-damaged-panels-to-be-recycled); captured (https://www.renewableenergyworld.com/solar/how-is-extreme-weather-reshaping-solar-project-maintenance-and-design/),PVF-022,Discrete incident,Scottsbluff Community Solar,2023-06-23,2023-06-23,hail,"[""hail""]",Hail | Hail | Severe thunderstorm,"Baseball-sized hail destroyed or damaged more than 14,000 panels; the project was offline for roughly six months.","Baseball-sized hail destroyed or damaged more than 14,000 panels; the project was offline for roughly six months.",4.375 MW,not reported,Scottsbluff,Scotts Bluff County,Nebraska,41.870000,-103.660000,source_reported_workbook,Approximate site/municipality,Workbook coordinate precision: Approximate site/municipality.,Public utility owner confirmed restoration and recycling.,Hail | Severe thunderstorm,Web source: www.nppd.com | Web source: www.renewableenergyworld.com,www-nppd-com_scottsbluff-community-solar-array-is-back-online-damaged-panels-to-be-_66bc85c07267.pdf | www-renewableenergyworld-com_page_6ae94345bcdd.pdf,web source,https://www.nppd.com/press-releases/scottsbluff-community-solar-array-is-back-online-damaged-panels-to-be-recycled | https://www.renewableenergyworld.com/solar/how-is-extreme-weather-reshaping-solar-project-maintenance-and-design/,verified_websearch_workbook,PV-0007,Hail,Hail,Severe thunderstorm,Catastrophic,Unknown,4.375,Government / public owner,High,Verified,No immediate source review required,Public utility owner confirmed restoration and recycling.,captured | captured
not reported,not reported,not reported,system level,2023-09-24,not reported,2023,2023,379 MW,379000000,not reported,not reported,not reported,United States,"Near Andrews, Andrews County, Texas, United States","32.320000, -102.550000",not reported,not reported,not reported,not reported,not reported,"[""web-search workbook""]",0.62,not reported,not reported,not reported,not reported,not reported,not reported,Industry reporting described more than $30 million in damage and a portion of capacity affected.,"[""hail""]",not reported,not reported,User-supplied web-search workbook record PV-0009; source capture statuses: captured (https://www.longroadenergy.com/portfolio/prospero/); capture_failed (https://www.wsj.com/business/energy-oil/extreme-weather-climate-change-power-grids-5df41b9c),PVF-023,Discrete incident,Prospero Solar,2023-09-24,2023-09-24,hail,"[""hail""]",Hail | Hail | Severe convective storm,Industry reporting described more than $30 million in damage and a portion of capacity affected.,Industry reporting described more than $30 million in damage and a portion of capacity affected.,379 MW,not reported,Near Andrews,Andrews County,Texas,32.320000,-102.550000,source_reported_workbook,Approximate project area,Workbook coordinate precision: Approximate project area.,Damage figure is from press reporting; project page confirms county and scale.,Hail | Severe convective storm,Web source: www.longroadenergy.com | Web source: www.wsj.com,www-longroadenergy-com_page_30188b0fe372.pdf,web source,https://www.longroadenergy.com/portfolio/prospero/ | https://www.wsj.com/business/energy-oil/extreme-weather-climate-change-power-grids-5df41b9c,partially_verified_websearch_workbook,PV-0009,Hail,Hail,Severe convective storm,Major,>$30 million,379,Insurer / engineering / owner,Medium,Partially verified,"Verify date, site identity, and damage details",Damage figure is from press reporting; project page confirms county and scale.,captured | capture_failed
not reported,not reported,not reported,system level,2024-03-15,not reported,2024,2024,350 MW,350000000,not reported,not reported,not reported,United States,"Needville area, Fort Bend County, Texas, United States","29.400000, -95.840000",not reported,not reported,not reported,not reported,not reported,"[""web-search workbook""]",0.9,not reported,not reported,not reported,not reported,not reported,not reported,The project sustained catastrophic module damage after exposure to estimated hail larger than 4 inches.,"[""hail""]",not reported,not reported,User-supplied web-search workbook record PV-0010; source capture statuses: captured (https://www.vde.com/en/vde-americas/newsroom/250114-reevaluating-fighting-jays); capture_failed (https://www.pv-tech.org/reevaluating-hailstorm-damages-fighting-jays-solar-project/),PVF-024,Discrete incident,Fighting Jays Solar,2024-03-15,2024-03-15,hail,"[""hail""]",Hail | Hail | Three severe hailstorms,The project sustained catastrophic module damage after exposure to estimated hail larger than 4 inches.,The project sustained catastrophic module damage after exposure to estimated hail larger than 4 inches.,350 MW,not reported,Needville area,Fort Bend County,Texas,29.400000,-95.840000,source_reported_workbook,Approximate project area,Workbook coordinate precision: Approximate project area.,VDE forensic analysis confirms extreme hail exposure and catastrophic loss.,Hail | Three severe hailstorms,Web source: www.vde.com | Web source: www.pv-tech.org,www-vde-com_250114-reevaluating-fighting-jays_d2b24d7453b3.pdf,web source,https://www.vde.com/en/vde-americas/newsroom/250114-reevaluating-fighting-jays | https://www.pv-tech.org/reevaluating-hailstorm-damages-fighting-jays-solar-project/,verified_websearch_workbook,PV-0010,Hail,Hail,Three severe hailstorms,Catastrophic,Multi-million-dollar loss,350,Insurer / engineering / owner,High,Verified,No immediate source review required,VDE forensic analysis confirms extreme hail exposure and catastrophic loss.,captured | capture_failed
not reported,not reported,not reported,system level,2024-03-15,not reported,2024,2024,270 MW,270000000,not reported,not reported,not reported,United States,"Fort Bend County, Fort Bend County, Texas, United States","29.450000, -95.750000",not reported,not reported,not reported,not reported,not reported,"[""web-search workbook""]",0.9,not reported,not reported,not reported,not reported,not reported,not reported,A few dozen modules were damaged where a tracker motor issue prevented full hail stow; most of the 270 MWp site avoided damage.,"[""hail"", ""wind""]",not reported,not reported,User-supplied web-search workbook record PV-0011; source capture statuses: captured (https://www.vde.com/en/vde-americas/newsroom/250114-reevaluating-fighting-jays),PVF-025,Discrete incident,Cutlass II Solar,2024-03-15,2024-03-15,hail,"[""hail"", ""wind""]",Hail | Hail / wind-blown debris | Severe hailstorms,A few dozen modules were damaged where a tracker motor issue prevented full hail stow; most of the 270 MWp site avoided damage.,A few dozen modules were damaged where a tracker motor issue prevented full hail stow; most of the 270 MWp site avoided damage.,270 MW,not reported,Fort Bend County,Fort Bend County,Texas,29.450000,-95.750000,source_reported_workbook,County-level approximate,Workbook coordinate precision: County-level approximate.,Named by VDE; damage was limited.,Hail / wind-blown debris | Severe hailstorms,Web source: www.vde.com,www-vde-com_250114-reevaluating-fighting-jays_d2b24d7453b3.pdf,web source,https://www.vde.com/en/vde-americas/newsroom/250114-reevaluating-fighting-jays,verified_websearch_workbook,PV-0011,Hail,Hail / wind-blown debris,Severe hailstorms,Localized,not reported,270,Insurer / engineering / owner,High,Verified,Look for independent corroborating source,Named by VDE; damage was limited.,captured
not reported,not reported,not reported,system level,2024-10-09,not reported,2024,2024,45 MW,45000000,not reported,not reported,not reported,United States,"Lake Placid, Highlands County, Florida, United States","27.290000, -81.360000",not reported,not reported,not reported,not reported,not reported,"[""web-search workbook""]",0.62,not reported,not reported,not reported,not reported,not reported,not reported,"A tornado associated with Hurricane Milton tore through portions of the solar facility, bending and scattering modules and racking.","[""tornado"", ""hurricane""]",not reported,not reported,User-supplied web-search workbook record PV-0012; source capture statuses: capture_failed (https://www.duke-energy.com/our-company/environment/renewable-energy/solar-energy/florida-solar-energy); capture_failed (https://www.reddit.com/r/interestingasfuck/comments/1g33mct/the_damage_to_a_solar_farm_after_a_major/),PVF-026,Discrete incident,Lake Placid Solar Power Plant,2024-10-09,2024-10-09,tornado,"[""tornado"", ""hurricane""]",Tornado | Tornado / hurricane | Hurricane Milton outer bands,"A tornado associated with Hurricane Milton tore through portions of the solar facility, bending and scattering modules and racking.","A tornado associated with Hurricane Milton tore through portions of the solar facility, bending and scattering modules and racking.",45 MW,not reported,Lake Placid,Highlands County,Florida,27.290000,-81.360000,source_reported_workbook,Approximate plant area,Workbook coordinate precision: Approximate plant area.,Visual documentation is strong; detailed owner damage report was limited publicly.,Tornado / hurricane | Hurricane Milton outer bands,Web source: www.duke-energy.com | Web source: www.reddit.com,not reported,web source,https://www.duke-energy.com/our-company/environment/renewable-energy/solar-energy/florida-solar-energy | https://www.reddit.com/r/interestingasfuck/comments/1g33mct/the_damage_to_a_solar_farm_after_a_major/,partially_verified_websearch_workbook,PV-0012,Tornado,Tornado / hurricane,Hurricane Milton outer bands,Major,Unknown,45,Social media / first-hand,Medium,Partially verified,"Find authoritative or local-news confirmation; Verify date, site identity, and damage details",Visual documentation is strong; detailed owner damage report was limited publicly.,capture_failed | capture_failed
not reported,not reported,not reported,system level,2025-03-11,not reported,2025,2025,not reported,not reported,not reported,not reported,not reported,United States,"Livingston, Madison County, Illinois, United States","38.970000, -89.760000",not reported,not reported,not reported,not reported,not reported,"[""web-search workbook""]",0.9,not reported,not reported,not reported,not reported,not reported,not reported,Tornado damaged a solar farm and scattered debris across Interstate 55.,"[""tornado""]",not reported,not reported,User-supplied web-search workbook record PV-0013; source capture statuses: captured (https://www.theintelligencer.com/news/article/metro-east-il-tornadoes-march-11-22071670.php),PVF-027,Discrete incident,Solar farm north of Livingston,2025-03-11,2025-03-11,tornado,"[""tornado""]",Tornado | Tornado | EF0 tornado,Tornado damaged a solar farm and scattered debris across Interstate 55.,Tornado damaged a solar farm and scattered debris across Interstate 55.,not reported,not reported,Livingston,Madison County,Illinois,38.970000,-89.760000,source_reported_workbook,Town centroid,Workbook coordinate precision: Town centroid.,NWS-confirmed tornado reported by local news.,Tornado | EF0 tornado,Web source: www.theintelligencer.com,www-theintelligencer-com_metro-east-il-tornadoes-march-11-22071670-php_fd8228d58a03.pdf,web source,https://www.theintelligencer.com/news/article/metro-east-il-tornadoes-march-11-22071670.php,verified_websearch_workbook,PV-0013,Tornado,Tornado,EF0 tornado,Localized,Unknown,not reported,News / trade publication,High,Verified,Look for independent corroborating source,NWS-confirmed tornado reported by local news.,captured
not reported,not reported,not reported,system level,2025-05-18,not reported,2025,2025,80 MW,80000000,not reported,not reported,not reported,United States,"Bennett, Arapahoe County, Colorado, United States","39.740000, -104.430000",not reported,not reported,not reported,not reported,not reported,"[""web-search workbook""]",0.9,not reported,not reported,not reported,not reported,not reported,not reported,Panels and racking were ripped and bent; metal siding from nearby structures was embedded in sections of the array.,"[""tornado"", ""wind""]",not reported,not reported,User-supplied web-search workbook record PV-0014; source capture statuses: capture_failed (https://www.cpr.org/2025/05/20/tornado-wrecked-colorado-pioneer-solar-farm/),PVF-028,Discrete incident,Pioneer Solar,2025-05-18,2025-05-18,tornado,"[""tornado"", ""wind""]",Tornado | Tornado / wind-blown debris | EF2 Bennett-area tornado,Panels and racking were ripped and bent; metal siding from nearby structures was embedded in sections of the array.,Panels and racking were ripped and bent; metal siding from nearby structures was embedded in sections of the array.,80 MW,not reported,Bennett,Arapahoe County,Colorado,39.740000,-104.430000,source_reported_workbook,Road-intersection approximate,Workbook coordinate precision: Road-intersection approximate.,Owner was still assessing full damage when reported.,Tornado / wind-blown debris | EF2 Bennett-area tornado,Web source: www.cpr.org,not reported,web source,https://www.cpr.org/2025/05/20/tornado-wrecked-colorado-pioneer-solar-farm/,verified_websearch_workbook,PV-0014,Tornado,Tornado / wind-blown debris,EF2 Bennett-area tornado,Major,Unknown,80,News / trade publication,High,Verified,Look for independent corroborating source,Owner was still assessing full damage when reported.,capture_failed
not reported,not reported,not reported,system level,2026-03-10,not reported,2026,2026,not reported,not reported,not reported,not reported,not reported,United States,"Wheatfield, Jasper County, Indiana, United States","41.190000, -87.050000",not reported,not reported,not reported,not reported,not reported,"[""web-search workbook""]",0.62,not reported,not reported,not reported,not reported,not reported,not reported,Drone and local reporting showed hundreds of panels and metal components damaged and scattered across fields.,"[""tornado""]",not reported,not reported,User-supplied web-search workbook record PV-0015; source capture statuses: captured (https://www.americanexperiment.org/tornado-1-solar-panels-0/); captured (https://www.facebook.com/PatrickFazioNBC5/posts/tornado-damage-at-solar-farm-in-wheatfield-indiana-fire-chief-says-only-three-mi/1295813479029633/),PVF-029,Discrete incident,Wheatfield-area solar farm,2026-03-10,2026-03-10,tornado,"[""tornado""]",Tornado | Tornado | Severe storms / suspected tornado,Drone and local reporting showed hundreds of panels and metal components damaged and scattered across fields.,Drone and local reporting showed hundreds of panels and metal components damaged and scattered across fields.,not reported,not reported,Wheatfield,Jasper County,Indiana,41.190000,-87.050000,source_reported_workbook,Town centroid,Workbook coordinate precision: Town centroid.,Plant name and capacity were not reliably identified in public reports.,Tornado | Severe storms / suspected tornado,Web source: www.americanexperiment.org | Web source: www.facebook.com,www-americanexperiment-org_page_8e0ff66597f2.pdf | www-facebook-com_page_8a3b2ed1fd02.pdf,web source,https://www.americanexperiment.org/tornado-1-solar-panels-0/ | https://www.facebook.com/PatrickFazioNBC5/posts/tornado-damage-at-solar-farm-in-wheatfield-indiana-fire-chief-says-only-three-mi/1295813479029633/,partially_verified_websearch_workbook,PV-0015,Tornado,Tornado,Severe storms / suspected tornado,Major,Unknown,not reported,Social media / first-hand,Medium,Partially verified,"Find authoritative or local-news confirmation; Verify date, site identity, and damage details",Plant name and capacity were not reliably identified in public reports.,captured | captured
not reported,not reported,not reported,system level,2026-03-11,not reported,2026,2026,not reported,not reported,not reported,not reported,not reported,United States,"Maroa, Macon County, Illinois, United States","40.040000, -88.960000",not reported,not reported,not reported,not reported,not reported,"[""web-search workbook""]",0.45,not reported,not reported,not reported,not reported,not reported,not reported,Local weather reporting described significant damage to the solar farm.,"[""tornado"", ""wind""]",not reported,not reported,User-supplied web-search workbook record PV-0016; source capture statuses: capture_failed (https://www.facebook.com/jacobdickeywx/posts/severe-storms-early-this-morning-caused-significant-damage-to-the-maroa-solar-fa/1318462019648959/),PVF-030,Discrete incident,Maroa-area solar farm,2026-03-11,2026-03-11,tornado,"[""tornado"", ""wind""]",Severe wind | Severe wind / possible tornado | Severe thunderstorms,Local weather reporting described significant damage to the solar farm.,Local weather reporting described significant damage to the solar farm.,not reported,not reported,Maroa,Macon County,Illinois,40.040000,-88.960000,source_reported_workbook,Town centroid,Workbook coordinate precision: Town centroid.,Social-media/local report only; included for completeness and flagged low confidence.,Severe wind / possible tornado | Severe thunderstorms,Web source: www.facebook.com,not reported,web source,https://www.facebook.com/jacobdickeywx/posts/severe-storms-early-this-morning-caused-significant-damage-to-the-maroa-solar-fa/1318462019648959/,partially_verified_websearch_workbook,PV-0016,Severe wind,Severe wind / possible tornado,Severe thunderstorms,Unknown,Unknown,not reported,Social media / first-hand,Low,Partially verified,"Look for independent corroborating source; Find authoritative or local-news confirmation; Verify date, site identity, and damage details",Social-media/local report only; included for completeness and flagged low confidence.,capture_failed
not reported,not reported,not reported,system level,Unknown,not reported,not reported,not reported,not reported,not reported,not reported,not reported,not reported,United States,"Lamar County, Lamar County, Texas, United States","33.670000, -95.570000",not reported,not reported,not reported,not reported,not reported,"[""web-search workbook""]",0.45,not reported,not reported,not reported,not reported,not reported,not reported,Video reporting showed panels destroyed and debris scattered across fields.,"[""hail"", ""wind""]",not reported,not reported,User-supplied web-search workbook record PV-0017; source capture statuses: captured (https://www.youtube.com/watch?v=f75-SbS5-0I),PVF-031,Discrete incident,Lamar County solar site,Unknown,Unknown,hail,"[""hail"", ""wind""]",Severe wind | Severe wind / hail | Severe storm,Video reporting showed panels destroyed and debris scattered across fields.,Video reporting showed panels destroyed and debris scattered across fields.,not reported,not reported,Lamar County,Lamar County,Texas,33.670000,-95.570000,source_reported_workbook,County centroid,Workbook coordinate precision: County centroid.,Date and project identity require further verification.,Severe wind / hail | Severe storm,Web source: www.youtube.com,www-youtube-com_watch_9c8c87f4599a.pdf,web source,https://www.youtube.com/watch?v=f75-SbS5-0I,partially_verified_websearch_workbook,PV-0017,Severe wind,Severe wind / hail,Severe storm,Major,Unknown,not reported,Social media / first-hand,Low,Partially verified,"Look for independent corroborating source; Find authoritative or local-news confirmation; Verify date, site identity, and damage details",Date and project identity require further verification.,captured
not reported,not reported,not reported,system level,2018-09-14,not reported,2018,2018,not reported,not reported,not reported,not reported,not reported,United States,"Eastern North Carolina, Multiple counties, North Carolina, United States","35.300000, -77.800000",not reported,not reported,not reported,not reported,not reported,"[""web-search workbook""]",0.62,not reported,not reported,not reported,not reported,not reported,not reported,Regional industry and government assessments reported localized flooding and wind impacts to PV systems; damage varied greatly by site.,"[""hurricane"", ""flood""]",not reported,not reported,User-supplied web-search workbook record PV-0018; source capture statuses: captured (https://www.energy.gov/cmei/femp/preventing-and-mitigating-flood-damage-solar-photovoltaic-systems); captured (https://rmi.org/app/uploads/2018/06/Islands_SolarUnderStorm_Report_digitalJune122018.pdf),PVF-032,Regional / portfolio evidence,North Carolina solar installations,2018-09-14,2018-09-14,hurricane,"[""hurricane"", ""flood""]",Hurricane | Hurricane / flooding | Hurricane Florence,Regional industry and government assessments reported localized flooding and wind impacts to PV systems; damage varied greatly by site.,Regional industry and government assessments reported localized flooding and wind impacts to PV systems; damage varied greatly by site.,not reported,not reported,Eastern North Carolina,Multiple counties,North Carolina,35.300000,-77.800000,source_reported_workbook,Regional centroid,Workbook coordinate precision: Regional centroid.,Regional entry; not tied to one named plant.,Hurricane / flooding | Hurricane Florence,Web source: www.energy.gov | Web source: rmi.org,www-energy-gov_preventing-and-mitigating-flood-damage-solar-photovoltaic-systems_604d15a1c6d1.pdf | rmi-org_islands-solarunderstorm-report-digitaljune122018-pdf_efe751ac3f9b.pdf,web source,https://www.energy.gov/cmei/femp/preventing-and-mitigating-flood-damage-solar-photovoltaic-systems | https://rmi.org/app/uploads/2018/06/Islands_SolarUnderStorm_Report_digitalJune122018.pdf,partially_verified_websearch_workbook,PV-0018,Hurricane,Hurricane / flooding,Hurricane Florence,Mixed / regional,Unknown,not reported,Government / public owner,Medium,Partially verified,"Verify date, site identity, and damage details; Resolve to named site(s) if possible",Regional entry; not tied to one named plant.,captured | captured
not reported,not reported,not reported,system level,2020-09,not reported,2020,2020,not reported,not reported,not reported,not reported,not reported,United States,"Western U.S., Multiple counties, Multiple western states, United States",not reported,not reported,not reported,not reported,not reported,not reported,"[""web-search workbook""]",0.62,not reported,not reported,not reported,not reported,not reported,not reported,Smoke caused substantial short-term solar-output reductions and operational forecasting challenges; physical panel damage was generally not the primary impact.,"[""wildfire"", ""smoke"", ""equipment_failure""]",not reported,not reported,User-supplied web-search workbook record PV-0019; source capture statuses: capture_failed (https://www.reuters.com/commentary/reuters-open-interest/why-wildfires-pose-multiple-threats-us-power-sector-2026-07-23/),PVF-033,Regional / portfolio evidence,Western U.S. solar fleet,2020-09,2020-09,wildfire,"[""wildfire"", ""smoke"", ""equipment_failure""]",Wildfire smoke | Wildfire smoke | 2020 western wildfires,Smoke caused substantial short-term solar-output reductions and operational forecasting challenges; physical panel damage was generally not the primary impact.,Smoke caused substantial short-term solar-output reductions and operational forecasting challenges; physical panel damage was generally not the primary impact.,not reported,not reported,Western U.S.,Multiple counties,Multiple western states,not reported,not reported,unmapped,not_reported,Regional only,Included as operational damage/loss rather than physical destruction.,Wildfire smoke | 2020 western wildfires,Web source: www.reuters.com,not reported,web source,https://www.reuters.com/commentary/reuters-open-interest/why-wildfires-pose-multiple-threats-us-power-sector-2026-07-23/,partially_verified_websearch_workbook,PV-0019,Wildfire smoke,Wildfire smoke,2020 western wildfires,Operational / regional,Unknown,not reported,News / trade publication,Medium,Partially verified,"Look for independent corroborating source; Verify date, site identity, and damage details; Resolve to named site(s) if possible",Included as operational damage/loss rather than physical destruction.,capture_failed
not reported,not reported,not reported,system level,2021-02,not reported,2021,2021,not reported,not reported,not reported,not reported,not reported,United States,"ERCOT region, Multiple counties, Texas, United States",not reported,not reported,not reported,not reported,not reported,not reported,"[""web-search workbook""]",0.9,not reported,not reported,not reported,not reported,not reported,not reported,"Snow cover, icing, equipment cold-weather limits and grid outages reduced solar generation; impacts were regional rather than a single destroyed site.","[""snow_ice""]",not reported,not reported,User-supplied web-search workbook record PV-0020; source capture statuses: captured (https://www.osti.gov/biblio/1820425); capture_failed (https://www.sciencedirect.com/science/article/pii/S0306261921008898),PVF-034,Regional / portfolio evidence,Texas solar fleet,2021-02,2021-02,snow_ice,"[""snow_ice""]",Snow | Snow / ice / extreme cold | Winter Storm Uri,"Snow cover, icing, equipment cold-weather limits and grid outages reduced solar generation; impacts were regional rather than a single destroyed site.","Snow cover, icing, equipment cold-weather limits and grid outages reduced solar generation; impacts were regional rather than a single destroyed site.",not reported,not reported,ERCOT region,Multiple counties,Texas,not reported,not reported,unmapped,not_reported,Regional only,Study-based fleet entry.,Snow / ice / extreme cold | Winter Storm Uri,Web source: www.osti.gov | Web source: www.sciencedirect.com,www-osti-gov_1820425_643e9c88dcf0.pdf,web source,https://www.osti.gov/biblio/1820425 | https://www.sciencedirect.com/science/article/pii/S0306261921008898,verified_websearch_workbook,PV-0020,Snow,Snow / ice / extreme cold,Winter Storm Uri,Operational / regional,Unknown,not reported,Government / public owner,High,Verified,Resolve to named site(s) if possible,Study-based fleet entry.,captured | capture_failed
not reported,not reported,not reported,system level,Multiple,not reported,not reported,not reported,not reported,not reported,not reported,not reported,not reported,United States,"Nationwide, Multiple counties, Multiple states, United States",not reported,not reported,not reported,not reported,not reported,not reported,"[""web-search workbook""]",0.9,not reported,not reported,not reported,not reported,not reported,not reported,"Sandia-led analysis found hurricanes, snow and severe storms among the dominant causes of weather-related performance losses across more than 800 plants.","[""hurricane"", ""snow_ice""]",not reported,not reported,User-supplied web-search workbook record PV-0021; source capture statuses: captured (https://www.osti.gov/biblio/1820425); captured (https://catalog.data.gov/dataset/dataset-for-evaluation-of-extreme-weather-impacts-on-utility-scale-photovoltaic-plant-perf),PVF-035,Regional / portfolio evidence,U.S. utility-scale PV fleet (800+ sites),Multiple,Multiple,hurricane,"[""hurricane"", ""snow_ice""]",Hurricanes | Hurricanes / snow / storms | Multiple events,"Sandia-led analysis found hurricanes, snow and severe storms among the dominant causes of weather-related performance losses across more than 800 plants.","Sandia-led analysis found hurricanes, snow and severe storms among the dominant causes of weather-related performance losses across more than 800 plants.",not reported,not reported,Nationwide,Multiple counties,Multiple states,not reported,not reported,unmapped,not_reported,Not applicable,Portfolio-level evidence; not an incident row in the strictest sense.,Hurricanes / snow / storms | Multiple events,Web source: www.osti.gov | Web source: catalog.data.gov,www-osti-gov_1820425_643e9c88dcf0.pdf | catalog-data-gov_dataset-for-evaluation-of-extreme-weather-impacts-on-utility-scale-pho_90d4588677f0.pdf,web source,https://www.osti.gov/biblio/1820425 | https://catalog.data.gov/dataset/dataset-for-evaluation-of-extreme-weather-impacts-on-utility-scale-photovoltaic-plant-perf,verified_websearch_workbook,PV-0021,Hurricanes,Hurricanes / snow / storms,Multiple events,Study / portfolio,Unknown,not reported,Government / public owner,High,Verified,Resolve to named site(s) if possible,Portfolio-level evidence; not an incident row in the strictest sense.,captured | captured
not reported,not reported,not reported,system level,2018-09-04,not reported,2018,2018,not reported,not reported,not reported,not reported,not reported,Japan,"Kansai, Multiple prefectures, Kansai region, Japan","34.700000, 135.500000",not reported,not reported,not reported,not reported,not reported,"[""web-search workbook""]",0.62,not reported,not reported,not reported,not reported,not reported,not reported,"Case-study literature documented inverter malfunctions, arc faults and electrical fires at PV installations following the typhoon.","[""hurricane"", ""wind""]",not reported,not reported,User-supplied web-search workbook record PV-0022; source capture statuses: capture_failed (https://www.sciencedirect.com/science/article/pii/S2352484724008813),PVF-036,Discrete incident,Japanese PV installations,2018-09-04,2018-09-04,hurricane,"[""hurricane"", ""wind""]",Typhoon | Typhoon / wind / electrical faults | Typhoon Jebi,"Case-study literature documented inverter malfunctions, arc faults and electrical fires at PV installations following the typhoon.","Case-study literature documented inverter malfunctions, arc faults and electrical fires at PV installations following the typhoon.",not reported,not reported,Kansai,Multiple prefectures,Kansai region,34.700000,135.500000,source_reported_workbook,Regional centroid,Workbook coordinate precision: Regional centroid.,Review-paper summary; individual sites not consistently named.,Typhoon / wind / electrical faults | Typhoon Jebi,Web source: www.sciencedirect.com,not reported,web source,https://www.sciencedirect.com/science/article/pii/S2352484724008813,partially_verified_websearch_workbook,PV-0022,Typhoon,Typhoon / wind / electrical faults,Typhoon Jebi,Mixed / regional,Unknown,not reported,Peer-reviewed / academic,Medium,Partially verified,"Look for independent corroborating source; Verify date, site identity, and damage details",Review-paper summary; individual sites not consistently named.,capture_failed
not reported,not reported,not reported,system level,2017-09,not reported,2017,2017,not reported,not reported,not reported,not reported,not reported,Caribbean,"Caribbean, Multiple jurisdictions, Multiple islands, Caribbean","18.200000, -65.500000",not reported,not reported,not reported,not reported,not reported,"[""web-search workbook""]",0.9,not reported,not reported,not reported,not reported,not reported,not reported,"A 2025 remote-sensing study assessed roughly 1,500 installations and quantified storm damage across Caribbean systems.","[""hurricane""]",not reported,not reported,User-supplied web-search workbook record PV-0023; source capture statuses: capture_failed (https://onlinelibrary.wiley.com/doi/full/10.1002/pip.70001),PVF-037,Regional / portfolio evidence,Caribbean PV portfolio,2017-09,2017-09,hurricane,"[""hurricane""]",Hurricanes | Hurricanes | Irma and Maria,"A 2025 remote-sensing study assessed roughly 1,500 installations and quantified storm damage across Caribbean systems.","A 2025 remote-sensing study assessed roughly 1,500 installations and quantified storm damage across Caribbean systems.",not reported,not reported,Caribbean,Multiple jurisdictions,Multiple islands,18.200000,-65.500000,source_reported_workbook,Regional centroid,Workbook coordinate precision: Regional centroid.,Regional study entry.,Hurricanes | Irma and Maria,Web source: onlinelibrary.wiley.com,not reported,web source,https://onlinelibrary.wiley.com/doi/full/10.1002/pip.70001,verified_websearch_workbook,PV-0023,Hurricanes,Hurricanes,Irma and Maria,Study / regional,Unknown,not reported,Peer-reviewed / academic,High,Verified,Look for independent corroborating source; Resolve to named site(s) if possible,Regional study entry.,capture_failed
not reported,not reported,not reported,system level,2025-07-07,not reported,2025,2025,not reported,not reported,not reported,not reported,not reported,Taiwan,"Sinjhuang, Yizhu Township, Chiayi County, Taiwan","23.360000, 120.220000",not reported,not reported,not reported,not reported,not reported,"[""web-search workbook""]",0.9,not reported,not reported,not reported,not reported,not reported,not reported,Floating PV equipment and panels were severely damaged; cleanup and restoration continued for weeks.,"[""hurricane"", ""wind"", ""flood""]",not reported,not reported,User-supplied web-search workbook record PV-0024; source capture statuses: captured (https://www.taipeitimes.com/News/feat/archives/2025/11/12/2003847054); captured (https://www.pv-magazine.com/2025/09/01/typhoon-danas-damaged-135000-solar-panels-in-taiwan/),PVF-038,Discrete incident,Sinjhuang Flood Detention Pond floating PV,2025-07-07,2025-07-07,hurricane,"[""hurricane"", ""wind"", ""flood""]",Typhoon | Typhoon / wind / flooding | Typhoon Danas,Floating PV equipment and panels were severely damaged; cleanup and restoration continued for weeks.,Floating PV equipment and panels were severely damaged; cleanup and restoration continued for weeks.,not reported,not reported,Sinjhuang,Yizhu Township,Chiayi County,23.360000,120.220000,source_reported_workbook,Township/site approximate,Workbook coordinate precision: Township/site approximate.,One of the specifically identified Danas-affected sites.,Typhoon / wind / flooding | Typhoon Danas,Web source: www.taipeitimes.com | Web source: www.pv-magazine.com,www-taipeitimes-com_2003847054_a1eb7636c607.pdf | www-pv-magazine-com_page_5cf07d957ca0.pdf,web source,https://www.taipeitimes.com/News/feat/archives/2025/11/12/2003847054 | https://www.pv-magazine.com/2025/09/01/typhoon-danas-damaged-135000-solar-panels-in-taiwan/,verified_websearch_workbook,PV-0024,Typhoon,Typhoon / wind / flooding,Typhoon Danas,Major,Operator fined NT$9 million for cleanup issues,not reported,News / trade publication,High,Verified,No immediate source review required,One of the specifically identified Danas-affected sites.,captured | captured
not reported,not reported,not reported,system level,2025-07-07,not reported,2025,2025,not reported,not reported,not reported,not reported,not reported,Taiwan,"Hebao Island, Kouhu Township, Yunlin County, Taiwan","23.570000, 120.150000",not reported,not reported,not reported,not reported,not reported,"[""web-search workbook""]",0.9,not reported,not reported,not reported,not reported,not reported,not reported,PV panels were damaged; site later completed restoration and was included in government water-quality testing.,"[""hurricane"", ""wind"", ""flood""]",not reported,not reported,User-supplied web-search workbook record PV-0025; source capture statuses: captured (https://www.pv-magazine.com/2025/09/01/typhoon-danas-damaged-135000-solar-panels-in-taiwan/); captured (https://www.taipeitimes.com/News/taiwan/archives/2025/07/14/2003840261),PVF-039,Discrete incident,Hebao Island solar plant site,2025-07-07,2025-07-07,hurricane,"[""hurricane"", ""wind"", ""flood""]",Typhoon | Typhoon / wind / flooding | Typhoon Danas,PV panels were damaged; site later completed restoration and was included in government water-quality testing.,PV panels were damaged; site later completed restoration and was included in government water-quality testing.,not reported,not reported,Hebao Island,Kouhu Township,Yunlin County,23.570000,120.150000,source_reported_workbook,Locality approximate,Workbook coordinate precision: Locality approximate.,Government-referenced affected site.,Typhoon / wind / flooding | Typhoon Danas,Web source: www.pv-magazine.com | Web source: www.taipeitimes.com,www-pv-magazine-com_page_5cf07d957ca0.pdf | www-taipeitimes-com_2003840261_47fddf825f83.pdf,web source,https://www.pv-magazine.com/2025/09/01/typhoon-danas-damaged-135000-solar-panels-in-taiwan/ | https://www.taipeitimes.com/News/taiwan/archives/2025/07/14/2003840261,verified_websearch_workbook,PV-0025,Typhoon,Typhoon / wind / flooding,Typhoon Danas,Major,Unknown,not reported,News / trade publication,High,Verified,No immediate source review required,Government-referenced affected site.,captured | captured
not reported,not reported,not reported,system level,2025-07-07,not reported,2025,2025,not reported,not reported,not reported,not reported,not reported,Taiwan,"Xiqian, Coastal Chiayi, Chiayi County, Taiwan","23.420000, 120.180000",not reported,not reported,not reported,not reported,not reported,"[""web-search workbook""]",0.9,not reported,not reported,not reported,not reported,not reported,not reported,PV panels were damaged; restoration was reported complete before follow-up water testing.,"[""hurricane"", ""wind"", ""flood""]",not reported,not reported,User-supplied web-search workbook record PV-0026; source capture statuses: captured (https://www.pv-magazine.com/2025/09/01/typhoon-danas-damaged-135000-solar-panels-in-taiwan/); captured (https://www.taipeitimes.com/News/taiwan/archives/2025/07/14/2003840261),PVF-040,Discrete incident,Xiqian solar plant site,2025-07-07,2025-07-07,hurricane,"[""hurricane"", ""wind"", ""flood""]",Typhoon | Typhoon / wind / flooding | Typhoon Danas,PV panels were damaged; restoration was reported complete before follow-up water testing.,PV panels were damaged; restoration was reported complete before follow-up water testing.,not reported,not reported,Xiqian,Coastal Chiayi,Chiayi County,23.420000,120.180000,source_reported_workbook,Locality approximate,Workbook coordinate precision: Locality approximate.,Government-referenced affected site.,Typhoon / wind / flooding | Typhoon Danas,Web source: www.pv-magazine.com | Web source: www.taipeitimes.com,www-pv-magazine-com_page_5cf07d957ca0.pdf | www-taipeitimes-com_2003840261_47fddf825f83.pdf,web source,https://www.pv-magazine.com/2025/09/01/typhoon-danas-damaged-135000-solar-panels-in-taiwan/ | https://www.taipeitimes.com/News/taiwan/archives/2025/07/14/2003840261,verified_websearch_workbook,PV-0026,Typhoon,Typhoon / wind / flooding,Typhoon Danas,Major,Unknown,not reported,News / trade publication,High,Verified,No immediate source review required,Government-referenced affected site.,captured | captured
not reported,not reported,not reported,system level,2025-07-07,not reported,2025,2025,not reported,not reported,not reported,not reported,not reported,Taiwan,"Xinzhuang, Coastal Chiayi, Chiayi County, Taiwan","23.380000, 120.200000",not reported,not reported,not reported,not reported,not reported,"[""web-search workbook""]",0.9,not reported,not reported,not reported,not reported,not reported,not reported,Damaged panels remained under cleanup when follow-up government testing occurred.,"[""hurricane"", ""wind"", ""flood""]",not reported,not reported,User-supplied web-search workbook record PV-0027; source capture statuses: captured (https://www.pv-magazine.com/2025/09/01/typhoon-danas-damaged-135000-solar-panels-in-taiwan/); captured (https://www.taipeitimes.com/News/taiwan/archives/2025/07/14/2003840261),PVF-041,Discrete incident,Xinzhuang solar plant site,2025-07-07,2025-07-07,hurricane,"[""hurricane"", ""wind"", ""flood""]",Typhoon | Typhoon / wind / flooding | Typhoon Danas,Damaged panels remained under cleanup when follow-up government testing occurred.,Damaged panels remained under cleanup when follow-up government testing occurred.,not reported,not reported,Xinzhuang,Coastal Chiayi,Chiayi County,23.380000,120.200000,source_reported_workbook,Locality approximate,Workbook coordinate precision: Locality approximate.,Government-referenced affected site.,Typhoon / wind / flooding | Typhoon Danas,Web source: www.pv-magazine.com | Web source: www.taipeitimes.com,www-pv-magazine-com_page_5cf07d957ca0.pdf | www-taipeitimes-com_2003840261_47fddf825f83.pdf,web source,https://www.pv-magazine.com/2025/09/01/typhoon-danas-damaged-135000-solar-panels-in-taiwan/ | https://www.taipeitimes.com/News/taiwan/archives/2025/07/14/2003840261,verified_websearch_workbook,PV-0027,Typhoon,Typhoon / wind / flooding,Typhoon Danas,Major,Unknown,not reported,News / trade publication,High,Verified,No immediate source review required,Government-referenced affected site.,captured | captured
not reported,not reported,not reported,system level,2025-07-07,not reported,2025,2025,not reported,not reported,not reported,not reported,not reported,Taiwan,"Jiadong, Jiadong Township, Pingtung County, Taiwan","22.420000, 120.550000",not reported,not reported,not reported,not reported,not reported,"[""web-search workbook""]",0.62,not reported,not reported,not reported,not reported,not reported,not reported,Floating solar platforms were broken apart and debris was scattered over more than a kilometer.,"[""hurricane"", ""wind""]",not reported,not reported,User-supplied web-search workbook record PV-0028; source capture statuses: captured (https://floatingsolutions.org/blog/2025/08/20/typhoon-danas-damages-floating-solar-platforms-off-southern-taiwan/); captured (https://www.pv-magazine.com/2025/09/01/typhoon-danas-damaged-135000-solar-panels-in-taiwan/),PVF-042,Discrete incident,Jiadong Township floating solar platforms,2025-07-07,2025-07-07,hurricane,"[""hurricane"", ""wind""]",Typhoon | Typhoon / waves / wind | Typhoon Danas,Floating solar platforms were broken apart and debris was scattered over more than a kilometer.,Floating solar platforms were broken apart and debris was scattered over more than a kilometer.,not reported,not reported,Jiadong,Jiadong Township,Pingtung County,22.420000,120.550000,source_reported_workbook,Township approximate,Workbook coordinate precision: Township approximate.,Project developer reported as Sun Rise E&T Corp.,Typhoon / waves / wind | Typhoon Danas,Web source: floatingsolutions.org | Web source: www.pv-magazine.com,floatingsolutions-org_page_2392734b4411.pdf | www-pv-magazine-com_page_5cf07d957ca0.pdf,web source,https://floatingsolutions.org/blog/2025/08/20/typhoon-danas-damages-floating-solar-platforms-off-southern-taiwan/ | https://www.pv-magazine.com/2025/09/01/typhoon-danas-damaged-135000-solar-panels-in-taiwan/,partially_verified_websearch_workbook,PV-0028,Typhoon,Typhoon / waves / wind,Typhoon Danas,Catastrophic,Unknown,not reported,News / trade publication,Medium,Partially verified,"Verify date, site identity, and damage details",Project developer reported as Sun Rise E&T Corp.,captured | captured
not reported,not reported,not reported,system level,2026-07-21,not reported,2026,2026,not reported,not reported,not reported,not reported,not reported,Italy,"San Benedetto del Tronto, Ascoli Piceno Province, Marche, Italy","42.950000, 13.880000",not reported,not reported,not reported,not reported,not reported,"[""web-search workbook""]",0.9,not reported,not reported,not reported,not reported,not reported,not reported,"A managed PV installation was damaged, with reported losses of roughly €80,000–€90,000.","[""hail"", ""wind""]",not reported,not reported,User-supplied web-search workbook record PV-0029; source capture statuses: captured (https://www.pv-magazine.com/2026/07/23/hail-storm-damages-pv-systems-across-italys-marche-region/),PVF-043,Anonymous incident,San Benedetto del Tronto PV system,2026-07-21,2026-07-21,hail,"[""hail"", ""wind""]",Hail | Hail / damaging wind | Marche hailstorm,"A managed PV installation was damaged, with reported losses of roughly €80,000–€90,000.","A managed PV installation was damaged, with reported losses of roughly €80,000–€90,000.",not reported,not reported,San Benedetto del Tronto,Ascoli Piceno Province,Marche,42.950000,13.880000,source_reported_workbook,Municipality centroid,Workbook coordinate precision: Municipality centroid.,Named municipality; exact system identity was not disclosed.,Hail / damaging wind | Marche hailstorm,Web source: www.pv-magazine.com,www-pv-magazine-com_page_e8d817027106.pdf,web source,https://www.pv-magazine.com/2026/07/23/hail-storm-damages-pv-systems-across-italys-marche-region/,verified_websearch_workbook,PV-0029,Hail,Hail / damaging wind,Marche hailstorm,Major,"€80,000–€90,000",not reported,News / trade publication,High,Verified,Look for independent corroborating source; Resolve to named site(s) if possible,Named municipality; exact system identity was not disclosed.,captured
not reported,not reported,not reported,system level,2026-06,not reported,2026,2026,not reported,not reported,not reported,not reported,not reported,Italy,"Monteroberto, Ancona Province, Marche, Italy","43.480000, 13.140000",not reported,not reported,not reported,not reported,not reported,"[""web-search workbook""]",0.9,not reported,not reported,not reported,not reported,not reported,not reported,One of two nearby PV installations reported destroyed during an early-June hailstorm.,"[""hail""]",not reported,not reported,User-supplied web-search workbook record PV-0030; source capture statuses: captured (https://www.pv-magazine.com/2026/07/23/hail-storm-damages-pv-systems-across-italys-marche-region/),PVF-044,Discrete incident,Monteroberto PV system A,2026-06,2026-06,hail,"[""hail""]",Hail | Hail | Localized hailstorm,One of two nearby PV installations reported destroyed during an early-June hailstorm.,One of two nearby PV installations reported destroyed during an early-June hailstorm.,not reported,not reported,Monteroberto,Ancona Province,Marche,43.480000,13.140000,source_reported_workbook,Municipality centroid,Workbook coordinate precision: Municipality centroid.,Operator did not disclose system name.,Hail | Localized hailstorm,Web source: www.pv-magazine.com,www-pv-magazine-com_page_e8d817027106.pdf,web source,https://www.pv-magazine.com/2026/07/23/hail-storm-damages-pv-systems-across-italys-marche-region/,verified_websearch_workbook,PV-0030,Hail,Hail,Localized hailstorm,Catastrophic,"Comparable to €80,000–€90,000",not reported,News / trade publication,High,Verified,Look for independent corroborating source,Operator did not disclose system name.,captured
not reported,not reported,not reported,system level,2026-06,not reported,2026,2026,not reported,not reported,not reported,not reported,not reported,Italy,"Monteroberto, Ancona Province, Marche, Italy","43.480000, 13.140000",not reported,not reported,not reported,not reported,not reported,"[""web-search workbook""]",0.9,not reported,not reported,not reported,not reported,not reported,not reported,Second of two nearby PV installations reported destroyed during an early-June hailstorm.,"[""hail""]",not reported,not reported,User-supplied web-search workbook record PV-0031; source capture statuses: captured (https://www.pv-magazine.com/2026/07/23/hail-storm-damages-pv-systems-across-italys-marche-region/),PVF-045,Discrete incident,Monteroberto PV system B,2026-06,2026-06,hail,"[""hail""]",Hail | Hail | Localized hailstorm,Second of two nearby PV installations reported destroyed during an early-June hailstorm.,Second of two nearby PV installations reported destroyed during an early-June hailstorm.,not reported,not reported,Monteroberto,Ancona Province,Marche,43.480000,13.140000,source_reported_workbook,Municipality centroid,Workbook coordinate precision: Municipality centroid.,Separate installation; operator did not disclose system name.,Hail | Localized hailstorm,Web source: www.pv-magazine.com,www-pv-magazine-com_page_e8d817027106.pdf,web source,https://www.pv-magazine.com/2026/07/23/hail-storm-damages-pv-systems-across-italys-marche-region/,verified_websearch_workbook,PV-0031,Hail,Hail,Localized hailstorm,Catastrophic,"Comparable to €80,000–€90,000",not reported,News / trade publication,High,Verified,Look for independent corroborating source,Separate installation; operator did not disclose system name.,captured
not reported,not reported,not reported,system level,Unknown,not reported,not reported,not reported,not reported,not reported,not reported,not reported,not reported,United States,"Not disclosed, Not disclosed, New Jersey, United States",not reported,not reported,not reported,not reported,not reported,not reported,"[""web-search workbook""]",0.62,not reported,not reported,not reported,not reported,not reported,not reported,Insurance-industry reporting states tornadoes damaged rows of solar panels at a New Jersey project.,"[""tornado""]",not reported,not reported,User-supplied web-search workbook record PV-0032; source capture statuses: captured (https://news.ambest.com/articlecontent.aspx?altsrc=2&refnum=308714),PVF-046,Anonymous incident,New Jersey solar project,Unknown,Unknown,tornado,"[""tornado""]",Tornado | Tornado | Undisclosed tornado event,Insurance-industry reporting states tornadoes damaged rows of solar panels at a New Jersey project.,Insurance-industry reporting states tornadoes damaged rows of solar panels at a New Jersey project.,not reported,not reported,Not disclosed,Not disclosed,New Jersey,not reported,not reported,unmapped,not_reported,Unavailable,Site and date not disclosed in public summary.,Tornado | Undisclosed tornado event,Web source: news.ambest.com,news-ambest-com_articlecontent-aspx_a35bcae4c252.pdf,web source,https://news.ambest.com/articlecontent.aspx?altsrc=2&refnum=308714,partially_verified_websearch_workbook,PV-0032,Tornado,Tornado,Undisclosed tornado event,Localized,Unknown,not reported,News / trade publication,Medium,Partially verified,"Look for independent corroborating source; Verify date, site identity, and damage details; Resolve to named site(s) if possible",Site and date not disclosed in public summary.,captured
not reported,not reported,not reported,system level,Unknown,not reported,not reported,not reported,not reported,not reported,not reported,not reported,not reported,United States,"Not disclosed, Not disclosed, Minnesota, United States",not reported,not reported,not reported,not reported,not reported,not reported,"[""web-search workbook""]",0.62,not reported,not reported,not reported,not reported,not reported,not reported,Insurance-industry reporting states tornadoes damaged rows of solar panels at a Minnesota project.,"[""tornado""]",not reported,not reported,User-supplied web-search workbook record PV-0033; source capture statuses: captured (https://news.ambest.com/articlecontent.aspx?altsrc=2&refnum=308714),PVF-047,Anonymous incident,Minnesota solar project,Unknown,Unknown,tornado,"[""tornado""]",Tornado | Tornado | Undisclosed tornado event,Insurance-industry reporting states tornadoes damaged rows of solar panels at a Minnesota project.,Insurance-industry reporting states tornadoes damaged rows of solar panels at a Minnesota project.,not reported,not reported,Not disclosed,Not disclosed,Minnesota,not reported,not reported,unmapped,not_reported,Unavailable,Site and date not disclosed in public summary.,Tornado | Undisclosed tornado event,Web source: news.ambest.com,news-ambest-com_articlecontent-aspx_a35bcae4c252.pdf,web source,https://news.ambest.com/articlecontent.aspx?altsrc=2&refnum=308714,partially_verified_websearch_workbook,PV-0033,Tornado,Tornado,Undisclosed tornado event,Localized,Unknown,not reported,News / trade publication,Medium,Partially verified,"Look for independent corroborating source; Verify date, site identity, and damage details; Resolve to named site(s) if possible",Site and date not disclosed in public summary.,captured
not reported,not reported,not reported,system level,Unknown,not reported,not reported,not reported,not reported,not reported,not reported,not reported,not reported,United States,"Not disclosed, Not disclosed, Virginia, United States",not reported,not reported,not reported,not reported,not reported,not reported,"[""web-search workbook""]",0.62,not reported,not reported,not reported,not reported,not reported,not reported,Insurance-industry reporting states tornadoes damaged rows of solar panels at a Virginia project.,"[""tornado""]",not reported,not reported,User-supplied web-search workbook record PV-0034; source capture statuses: captured (https://news.ambest.com/articlecontent.aspx?altsrc=2&refnum=308714),PVF-048,Anonymous incident,Virginia solar project,Unknown,Unknown,tornado,"[""tornado""]",Tornado | Tornado | Undisclosed tornado event,Insurance-industry reporting states tornadoes damaged rows of solar panels at a Virginia project.,Insurance-industry reporting states tornadoes damaged rows of solar panels at a Virginia project.,not reported,not reported,Not disclosed,Not disclosed,Virginia,not reported,not reported,unmapped,not_reported,Unavailable,Site and date not disclosed in public summary.,Tornado | Undisclosed tornado event,Web source: news.ambest.com,news-ambest-com_articlecontent-aspx_a35bcae4c252.pdf,web source,https://news.ambest.com/articlecontent.aspx?altsrc=2&refnum=308714,partially_verified_websearch_workbook,PV-0034,Tornado,Tornado,Undisclosed tornado event,Localized,Unknown,not reported,News / trade publication,Medium,Partially verified,"Look for independent corroborating source; Verify date, site identity, and damage details; Resolve to named site(s) if possible",Site and date not disclosed in public summary.,captured
not reported,not reported,not reported,system level,2024-03-15,not reported,2024,2024,not reported,not reported,not reported,not reported,not reported,United States,"Fort Bend County, Fort Bend County, Texas, United States","29.500000, -95.700000",not reported,not reported,not reported,not reported,not reported,"[""web-search workbook""]",0.62,not reported,not reported,not reported,not reported,not reported,not reported,VDE identified four large utility projects crossed by exceptionally rare hail; this project was one of the two not publicly named in its summary.,"[""hail""]",not reported,not reported,User-supplied web-search workbook record PV-0035; source capture statuses: captured (https://www.vde.com/en/vde-americas/newsroom/250114-reevaluating-fighting-jays),PVF-049,Anonymous incident,Fort Bend utility solar project 3 (unnamed),2024-03-15,2024-03-15,hail,"[""hail""]",Hail | Hail | March 2024 severe hail outbreak,VDE identified four large utility projects crossed by exceptionally rare hail; this project was one of the two not publicly named in its summary.,VDE identified four large utility projects crossed by exceptionally rare hail; this project was one of the two not publicly named in its summary.,not reported,not reported,Fort Bend County,Fort Bend County,Texas,29.500000,-95.700000,source_reported_workbook,County centroid,Workbook coordinate precision: County centroid.,Unnamed in the public VDE summary; retained separately from Fighting Jays and Cutlass II.,Hail | March 2024 severe hail outbreak,Web source: www.vde.com,www-vde-com_250114-reevaluating-fighting-jays_d2b24d7453b3.pdf,web source,https://www.vde.com/en/vde-americas/newsroom/250114-reevaluating-fighting-jays,partially_verified_websearch_workbook,PV-0035,Hail,Hail,March 2024 severe hail outbreak,Unknown,Unknown,not reported,Insurer / engineering / owner,Medium,Partially verified,"Look for independent corroborating source; Verify date, site identity, and damage details; Resolve to named site(s) if possible",Unnamed in the public VDE summary; retained separately from Fighting Jays and Cutlass II.,captured
not reported,not reported,not reported,system level,2024-03-15,not reported,2024,2024,not reported,not reported,not reported,not reported,not reported,United States,"Fort Bend County, Fort Bend County, Texas, United States","29.500000, -95.700000",not reported,not reported,not reported,not reported,not reported,"[""web-search workbook""]",0.62,not reported,not reported,not reported,not reported,not reported,not reported,VDE identified four large utility projects crossed by exceptionally rare hail; this project was one of the two not publicly named in its summary.,"[""hail""]",not reported,not reported,User-supplied web-search workbook record PV-0036; source capture statuses: captured (https://www.vde.com/en/vde-americas/newsroom/250114-reevaluating-fighting-jays),PVF-050,Anonymous incident,Fort Bend utility solar project 4 (unnamed),2024-03-15,2024-03-15,hail,"[""hail""]",Hail | Hail | March 2024 severe hail outbreak,VDE identified four large utility projects crossed by exceptionally rare hail; this project was one of the two not publicly named in its summary.,VDE identified four large utility projects crossed by exceptionally rare hail; this project was one of the two not publicly named in its summary.,not reported,not reported,Fort Bend County,Fort Bend County,Texas,29.500000,-95.700000,source_reported_workbook,County centroid,Workbook coordinate precision: County centroid.,Unnamed in the public VDE summary; retained separately from Fighting Jays and Cutlass II.,Hail | March 2024 severe hail outbreak,Web source: www.vde.com,www-vde-com_250114-reevaluating-fighting-jays_d2b24d7453b3.pdf,web source,https://www.vde.com/en/vde-americas/newsroom/250114-reevaluating-fighting-jays,partially_verified_websearch_workbook,PV-0036,Hail,Hail,March 2024 severe hail outbreak,Unknown,Unknown,not reported,Insurer / engineering / owner,Medium,Partially verified,"Look for independent corroborating source; Verify date, site identity, and damage details; Resolve to named site(s) if possible",Unnamed in the public VDE summary; retained separately from Fighting Jays and Cutlass II.,captured
not reported,not reported,not reported,system level,2016-05-19,not reported,2016,2016,392 MW,392000000,not reported,not reported,not reported,United States,"Ivanpah Dry Lake, San Bernardino County, California, United States","35.570000, -115.470000",not reported,not reported,not reported,not reported,not reported,"[""web-search workbook""]",0.9,not reported,not reported,not reported,not reported,not reported,not reported,"Misaligned mirrors concentrated sunlight on the wrong section of a receiver tower, igniting and damaging piping and forcing part of the CSP plant offline.","[""equipment_failure""]",not reported,not reported,User-supplied web-search workbook record PV-0037; source capture statuses: captured (https://www.wired.com/2016/05/huge-solar-plant-caught-fire-thats-least-problems/),PVF-051,Discrete incident,Ivanpah Solar Electric Generating System,2016-05-19,2016-05-19,equipment_failure,"[""equipment_failure""]",Fire | Fire / concentrated solar thermal | Misaligned heliostats,"Misaligned mirrors concentrated sunlight on the wrong section of a receiver tower, igniting and damaging piping and forcing part of the CSP plant offline.","Misaligned mirrors concentrated sunlight on the wrong section of a receiver tower, igniting and damaging piping and forcing part of the CSP plant offline.",392 MW,not reported,Ivanpah Dry Lake,San Bernardino County,California,35.570000,-115.470000,source_reported_workbook,Approximate plant centroid,Workbook coordinate precision: Approximate plant centroid.,Concentrated solar power rather than photovoltaic; included because it is a solar-generation facility fire.,Fire / concentrated solar thermal | Misaligned heliostats,Web source: www.wired.com,www-wired-com_page_ff46b4fc5094.pdf,web source,https://www.wired.com/2016/05/huge-solar-plant-caught-fire-thats-least-problems/,verified_websearch_workbook,PV-0037,Fire,Fire / concentrated solar thermal,Misaligned heliostats,Major,Unknown,392,News / trade publication,High,Verified,Look for independent corroborating source,Concentrated solar power rather than photovoltaic; included because it is a solar-generation facility fire.,captured
not reported,not reported,not reported,system level,2020-09-17,not reported,2020,2020,6.3 MW,6300000,not reported,not reported,not reported,United Kingdom,"Walton-on-Thames, Surrey, England, United Kingdom","51.390000, -0.400000",not reported,not reported,not reported,not reported,not reported,"[""web-search workbook""]",0.62,not reported,not reported,not reported,not reported,not reported,not reported,A fire damaged the junction area between two floating platforms and reportedly caused some modules to sink.,"[""equipment_failure""]",not reported,not reported,User-supplied web-search workbook record PV-0038; source capture statuses: captured (https://www.rechargenews.com/transition/fire-hits-bp-ventures-flagship-floating-solar-plant-in-uk/2-1-877293),PVF-052,Discrete incident,Queen Elizabeth II Reservoir Floating Solar,2020-09-17,2020-09-17,equipment_failure,"[""equipment_failure""]",Fire | Fire / floating PV | Cause under investigation,A fire damaged the junction area between two floating platforms and reportedly caused some modules to sink.,A fire damaged the junction area between two floating platforms and reportedly caused some modules to sink.,6.3 MW,not reported,Walton-on-Thames,Surrey,England,51.390000,-0.400000,source_reported_workbook,Approximate reservoir location,Workbook coordinate precision: Approximate reservoir location.,Public reporting described damage to part of the floating array.,Fire / floating PV | Cause under investigation,Web source: www.rechargenews.com,www-rechargenews-com_2-1-877293_c5d390cbd6a8.pdf,web source,https://www.rechargenews.com/transition/fire-hits-bp-ventures-flagship-floating-solar-plant-in-uk/2-1-877293,partially_verified_websearch_workbook,PV-0038,Fire,Fire / floating PV,Cause under investigation,Localized,Unknown,6.3,News / trade publication,Medium,Partially verified,"Look for independent corroborating source; Verify date, site identity, and damage details",Public reporting described damage to part of the floating array.,captured
not reported,not reported,not reported,system level,2020-10-18,not reported,2020,2020,25 MW,25000000,not reported,not reported,not reported,Argentina,"Ullum, Ullum Department, San Juan Province, Argentina","-31.460000, -68.690000",not reported,not reported,not reported,not reported,not reported,"[""web-search workbook""]",0.9,not reported,not reported,not reported,not reported,not reported,not reported,Firefighters extinguished a fire in central inverter equipment at the photovoltaic park.,"[""equipment_failure""]",not reported,not reported,User-supplied web-search workbook record PV-0039; source capture statuses: captured (https://www.pv-magazine.com/2020/10/21/fire-accident-at-argentinian-solar-parks-central-inverters/),PVF-053,Discrete incident,Ullum Photovoltaic Park,2020-10-18,2020-10-18,equipment_failure,"[""equipment_failure""]",Electrical fire | Electrical fire / inverter | Central inverter fire,Firefighters extinguished a fire in central inverter equipment at the photovoltaic park.,Firefighters extinguished a fire in central inverter equipment at the photovoltaic park.,25 MW,not reported,Ullum,Ullum Department,San Juan Province,-31.460000,-68.690000,source_reported_workbook,Approximate municipality/site area,Workbook coordinate precision: Approximate municipality/site area.,Owner identified as Genneia.,Electrical fire / inverter | Central inverter fire,Web source: www.pv-magazine.com,www-pv-magazine-com_page_a816ba3d3888.pdf,web source,https://www.pv-magazine.com/2020/10/21/fire-accident-at-argentinian-solar-parks-central-inverters/,verified_websearch_workbook,PV-0039,Electrical fire,Electrical fire / inverter,Central inverter fire,Localized,Unknown,25,News / trade publication,High,Verified,Look for independent corroborating source,Owner identified as Genneia.,captured
not reported,not reported,not reported,system level,2022-01,not reported,2022,2022,17 MW,17000000,not reported,not reported,not reported,France,"Piolenc, Vaucluse, Provence-Alpes-Côte d’Azur, France","44.180000, 4.760000",not reported,not reported,not reported,not reported,not reported,"[""web-search workbook""]",0.9,not reported,not reported,not reported,not reported,not reported,not reported,"Strong winds and repeated float movement abraded cables, causing a short circuit; three floats ignited.","[""wind"", ""equipment_failure""]",not reported,not reported,User-supplied web-search workbook record PV-0040; source capture statuses: captured (https://www.pv-magazine.com/2022/03/01/akuo-speaks-out-on-recent-fire-accident-at-its-17mw-floating-pv-plant-in-france/),PVF-054,Discrete incident,O’MEGA1 Floating Solar Plant,2022-01,2022-01,wind,"[""wind"", ""equipment_failure""]",Electrical fire | Electrical fire / wind damage | Cable abrasion and short circuit,"Strong winds and repeated float movement abraded cables, causing a short circuit; three floats ignited.","Strong winds and repeated float movement abraded cables, causing a short circuit; three floats ignited.",17 MW,not reported,Piolenc,Vaucluse,Provence-Alpes-Côte d’Azur,44.180000,4.760000,source_reported_workbook,Approximate plant location,Workbook coordinate precision: Approximate plant location.,Developer provided a root-cause explanation.,Electrical fire / wind damage | Cable abrasion and short circuit,Web source: www.pv-magazine.com,www-pv-magazine-com_page_d4b16f8a8b17.pdf,web source,https://www.pv-magazine.com/2022/03/01/akuo-speaks-out-on-recent-fire-accident-at-its-17mw-floating-pv-plant-in-france/,verified_websearch_workbook,PV-0040,Electrical fire,Electrical fire / wind damage,Cable abrasion and short circuit,Localized,Unknown,17,News / trade publication,High,Verified,Look for independent corroborating source,Developer provided a root-cause explanation.,captured
not reported,not reported,not reported,system level,2023-01-04,not reported,2023,2023,not reported,not reported,not reported,not reported,not reported,United States,"Near Las Vegas, Clark County, Nevada, United States","36.100000, -114.950000",not reported,not reported,not reported,not reported,not reported,"[""web-search workbook""]",0.9,not reported,not reported,not reported,not reported,not reported,not reported,An intentionally set vehicle fire damaged a transformer at a solar power array outside Las Vegas.,"[""equipment_failure"", ""other""]",not reported,not reported,User-supplied web-search workbook record PV-0041; source capture statuses: captured (https://apnews.com/article/6cae236d0b717966a7c6d3b6c32c219b),PVF-055,Anonymous incident,Mega Solar Array near Las Vegas,2023-01-04,2023-01-04,equipment_failure,"[""equipment_failure"", ""other""]",Arson | Arson / transformer fire | Intentional vehicle fire,An intentionally set vehicle fire damaged a transformer at a solar power array outside Las Vegas.,An intentionally set vehicle fire damaged a transformer at a solar power array outside Las Vegas.,not reported,not reported,Near Las Vegas,Clark County,Nevada,36.100000,-114.950000,source_reported_workbook,County/site-area approximate,Workbook coordinate precision: County/site-area approximate.,Criminal arson case; exact project name was not disclosed in the AP report.,Arson / transformer fire | Intentional vehicle fire,Web source: apnews.com,apnews-com_6cae236d0b717966a7c6d3b6c32c219b_028baa67d183.pdf,web source,https://apnews.com/article/6cae236d0b717966a7c6d3b6c32c219b,verified_websearch_workbook,PV-0041,Arson,Arson / transformer fire,Intentional vehicle fire,Major,Unknown,not reported,News / trade publication,High,Verified,Look for independent corroborating source; Resolve to named site(s) if possible,Criminal arson case; exact project name was not disclosed in the AP report.,captured
not reported,not reported,not reported,system level,2023-04-24,not reported,2023,2023,110 MW,110000000,not reported,not reported,not reported,Australia,"Beryl, Mid-Western Regional Council, New South Wales, Australia","-32.350000, 149.450000",not reported,not reported,not reported,not reported,not reported,"[""web-search workbook""]",0.9,not reported,not reported,not reported,not reported,not reported,not reported,"A grass fire burned within the solar farm, damaging vegetation between panel rows before crews brought it under control.","[""equipment_failure""]",not reported,not reported,User-supplied web-search workbook record PV-0042; source capture statuses: captured (https://www.pv-magazine.com/2023/04/26/fire-at-australian-solar-farm/),PVF-056,Discrete incident,Beryl Solar Farm,2023-04-24,2023-04-24,equipment_failure,"[""equipment_failure""]",Grass fire | Grass fire | Cause under investigation,"A grass fire burned within the solar farm, damaging vegetation between panel rows before crews brought it under control.","A grass fire burned within the solar farm, damaging vegetation between panel rows before crews brought it under control.",110 MW,not reported,Beryl,Mid-Western Regional Council,New South Wales,-32.350000,149.450000,source_reported_workbook,Approximate site/locality,Workbook coordinate precision: Approximate site/locality.,Project capacity reported as 87 MWac / 110 MW.,Grass fire | Cause under investigation,Web source: www.pv-magazine.com,www-pv-magazine-com_page_1f7e3bd603c8.pdf,web source,https://www.pv-magazine.com/2023/04/26/fire-at-australian-solar-farm/,verified_websearch_workbook,PV-0042,Grass fire,Grass fire,Cause under investigation,Localized,Unknown,110,News / trade publication,High,Verified,Look for independent corroborating source,Project capacity reported as 87 MWac / 110 MW.,captured
not reported,not reported,not reported,system level,2023-11-20,not reported,2023,2023,34 MW,34000000,not reported,not reported,not reported,Australia,"Horfield, Gannawarra Shire, Victoria, Australia","-35.820000, 144.200000",not reported,not reported,not reported,not reported,not reported,"[""web-search workbook""]",0.62,not reported,not reported,not reported,not reported,not reported,not reported,A grass fire led to the plant being taken out of service; regulators later raised concerns about specific equipment used at the project.,"[""equipment_failure""]",not reported,not reported,User-supplied web-search workbook record PV-0043; source capture statuses: capture_failed (https://www.heraldsun.com.au/news/victoria/toxic-smoke-warning-after-victorian-solar-farm-fire/news-story/357d618fa188fa9b10b572e35bfe57e8),PVF-057,Discrete incident,Cohuna Solar Farm,2023-11-20,2023-11-20,equipment_failure,"[""equipment_failure""]",Grass fire | Grass fire / equipment concern | Fire under investigation,A grass fire led to the plant being taken out of service; regulators later raised concerns about specific equipment used at the project.,A grass fire led to the plant being taken out of service; regulators later raised concerns about specific equipment used at the project.,34 MW,not reported,Horfield,Gannawarra Shire,Victoria,-35.820000,144.200000,source_reported_workbook,Approximate locality,Workbook coordinate precision: Approximate locality.,Paywalled report summarized the regulator's continuing shutdown.,Grass fire / equipment concern | Fire under investigation,Web source: www.heraldsun.com.au,not reported,web source,https://www.heraldsun.com.au/news/victoria/toxic-smoke-warning-after-victorian-solar-farm-fire/news-story/357d618fa188fa9b10b572e35bfe57e8,partially_verified_websearch_workbook,PV-0043,Grass fire,Grass fire / equipment concern,Fire under investigation,Major,Unknown,34,News / trade publication,Medium,Partially verified,"Look for independent corroborating source; Verify date, site identity, and damage details",Paywalled report summarized the regulator's continuing shutdown.,capture_failed
not reported,not reported,not reported,system level,2024-01-12,not reported,2024,2024,30 MW,30000000,not reported,not reported,not reported,Australia,"Mannum, Mid Murray Council, South Australia, Australia","-34.910000, 139.310000",not reported,not reported,not reported,not reported,not reported,"[""web-search workbook""]",0.9,not reported,not reported,not reported,not reported,not reported,not reported,An inverter burst into flames during commissioning; one worker was hospitalized with burns.,"[""equipment_failure""]",not reported,not reported,User-supplied web-search workbook record PV-0044; source capture statuses: captured (https://www.pv-magazine.com/2024/01/15/worker-injured-in-fire-at-south-australian-solar-farm/),PVF-058,Discrete incident,Mannum Stage 2 Solar Farm,2024-01-12,2024-01-12,equipment_failure,"[""equipment_failure""]",Electrical fire | Electrical fire / inverter | Inverter fire during commissioning,An inverter burst into flames during commissioning; one worker was hospitalized with burns.,An inverter burst into flames during commissioning; one worker was hospitalized with burns.,30 MW,not reported,Mannum,Mid Murray Council,South Australia,-34.910000,139.310000,source_reported_workbook,Approximate project area,Workbook coordinate precision: Approximate project area.,Authorities launched an investigation.,Electrical fire / inverter | Inverter fire during commissioning,Web source: www.pv-magazine.com,www-pv-magazine-com_page_771ccb6119e1.pdf,web source,https://www.pv-magazine.com/2024/01/15/worker-injured-in-fire-at-south-australian-solar-farm/,verified_websearch_workbook,PV-0044,Electrical fire,Electrical fire / inverter,Inverter fire during commissioning,Major,Unknown,30,News / trade publication,High,Verified,Look for independent corroborating source,Authorities launched an investigation.,captured
not reported,not reported,not reported,system level,2025-02-20,not reported,2025,2025,not reported,not reported,not reported,not reported,not reported,Australia,"Raywood, City of Greater Bendigo, Victoria, Australia","-36.530000, 144.230000",not reported,not reported,not reported,not reported,not reported,"[""web-search workbook""]",0.9,not reported,not reported,not reported,not reported,not reported,not reported,"A transformer caught fire, producing black smoke and prompting a community warning; Energy Safe Victoria investigated.","[""equipment_failure""]",not reported,not reported,User-supplied web-search workbook record PV-0045; source capture statuses: captured (https://www.pv-magazine.com/2025/02/21/transformer-fire-at-australian-solar-farm-under-investigation/); capture_failed (https://www.heraldsun.com.au/news/victoria/toxic-smoke-warning-after-victorian-solar-farm-fire/news-story/357d618fa188fa9b10b572e35bfe57e8),PVF-059,Discrete incident,Raywood Solar Farm,2025-02-20,2025-02-20,equipment_failure,"[""equipment_failure""]",Electrical fire | Electrical fire / transformer | Transformer fire,"A transformer caught fire, producing black smoke and prompting a community warning; Energy Safe Victoria investigated.","A transformer caught fire, producing black smoke and prompting a community warning; Energy Safe Victoria investigated.",not reported,not reported,Raywood,City of Greater Bendigo,Victoria,-36.530000,144.230000,source_reported_workbook,Approximate locality,Workbook coordinate precision: Approximate locality.,Multiple fire crews and Powercor attended.,Electrical fire / transformer | Transformer fire,Web source: www.pv-magazine.com | Web source: www.heraldsun.com.au,www-pv-magazine-com_page_8588741f6744.pdf,web source,https://www.pv-magazine.com/2025/02/21/transformer-fire-at-australian-solar-farm-under-investigation/ | https://www.heraldsun.com.au/news/victoria/toxic-smoke-warning-after-victorian-solar-farm-fire/news-story/357d618fa188fa9b10b572e35bfe57e8,verified_websearch_workbook,PV-0045,Electrical fire,Electrical fire / transformer,Transformer fire,Major,Unknown,not reported,News / trade publication,High,Verified,No immediate source review required,Multiple fire crews and Powercor attended.,captured | capture_failed
not reported,not reported,not reported,system level,2025-03-11,not reported,2025,2025,not reported,not reported,not reported,not reported,not reported,United States,"East Windsor, Hartford County, Connecticut, United States","41.910000, -72.600000",not reported,not reported,not reported,not reported,not reported,"[""web-search workbook""]",0.9,not reported,not reported,not reported,not reported,not reported,not reported,An exploding transformer ignited roughly a 100-by-50-foot area of dry vegetation; local reporting said it was the third recent fire-related electrical event at the facility.,"[""equipment_failure""]",not reported,not reported,User-supplied web-search workbook record PV-0046; source capture statuses: captured (https://www.ctinsider.com/journalinquirer/article/east-windsor-solar-facility-fire-east-road-ct-20215989.php),PVF-060,Anonymous incident,East Windsor Solar Facility,2025-03-11,2025-03-11,equipment_failure,"[""equipment_failure""]",Electrical fire | Electrical fire / transformer | Transformer explosion,An exploding transformer ignited roughly a 100-by-50-foot area of dry vegetation; local reporting said it was the third recent fire-related electrical event at the facility.,An exploding transformer ignited roughly a 100-by-50-foot area of dry vegetation; local reporting said it was the third recent fire-related electrical event at the facility.,not reported,not reported,East Windsor,Hartford County,Connecticut,41.910000,-72.600000,source_reported_workbook,Town/site-area approximate,Workbook coordinate precision: Town/site-area approximate.,Exact facility name and capacity were not disclosed.,Electrical fire / transformer | Transformer explosion,Web source: www.ctinsider.com,www-ctinsider-com_east-windsor-solar-facility-fire-east-road-ct-20215989-php_1efb533677ba.pdf,web source,https://www.ctinsider.com/journalinquirer/article/east-windsor-solar-facility-fire-east-road-ct-20215989.php,verified_websearch_workbook,PV-0046,Electrical fire,Electrical fire / transformer,Transformer explosion,Localized,Unknown,not reported,News / trade publication,High,Verified,Look for independent corroborating source; Resolve to named site(s) if possible,Exact facility name and capacity were not disclosed.,captured
not reported,not reported,not reported,system level,2025-11-06,not reported,2025,2025,192 MW,192000000,not reported,not reported,not reported,Taiwan,"Lukang / Changhua coast, Changbin Industrial Park, Changhua County, Taiwan","24.080000, 120.400000",not reported,not reported,not reported,not reported,not reported,"[""web-search workbook""]",0.9,not reported,not reported,not reported,not reported,not reported,not reported,A cable short circuit burned approximately 30 meters of cable at the floating solar park; no injuries were reported.,"[""equipment_failure""]",not reported,not reported,User-supplied web-search workbook record PV-0047; source capture statuses: captured (https://www.pv-magazine.com/2025/11/06/short-circuit-in-cable-causes-fire-at-taiwanese-floating-pv-plant/),PVF-061,Discrete incident,Lunwei East District Floating Solar Park,2025-11-06,2025-11-06,equipment_failure,"[""equipment_failure""]",Electrical fire | Electrical fire / cable | Cable short circuit,A cable short circuit burned approximately 30 meters of cable at the floating solar park; no injuries were reported.,A cable short circuit burned approximately 30 meters of cable at the floating solar park; no injuries were reported.,192 MW,not reported,Lukang / Changhua coast,Changbin Industrial Park,Changhua County,24.080000,120.400000,source_reported_workbook,Approximate industrial-park location,Workbook coordinate precision: Approximate industrial-park location.,Contractor URE provided the cause.,Electrical fire / cable | Cable short circuit,Web source: www.pv-magazine.com,www-pv-magazine-com_page_667cfc630e04.pdf,web source,https://www.pv-magazine.com/2025/11/06/short-circuit-in-cable-causes-fire-at-taiwanese-floating-pv-plant/,verified_websearch_workbook,PV-0047,Electrical fire,Electrical fire / cable,Cable short circuit,Localized,Unknown,192,News / trade publication,High,Verified,Look for independent corroborating source,Contractor URE provided the cause.,captured
not reported,not reported,not reported,system level,2025-12-06,not reported,2025,2025,400 MW,400000000,not reported,not reported,not reported,Australia,"Near Wellington, Dubbo Regional Council, New South Wales, Australia","-32.550000, 148.950000",not reported,not reported,not reported,not reported,not reported,"[""web-search workbook""]",0.9,not reported,not reported,not reported,not reported,not reported,not reported,A 92-hectare grass fire at or around the project forced the 400 MW solar farm offline.,"[""equipment_failure""]",not reported,not reported,User-supplied web-search workbook record PV-0048; source capture statuses: captured (https://www.pv-magazine.com/2025/12/08/fire-forces-400-mw-solar-farm-offline-in-australia/),PVF-062,Discrete incident,Wellington North Solar Farm,2025-12-06,2025-12-06,equipment_failure,"[""equipment_failure""]",Grass fire | Grass fire / bushfire exposure | Heatwave and bushfire conditions,A 92-hectare grass fire at or around the project forced the 400 MW solar farm offline.,A 92-hectare grass fire at or around the project forced the 400 MW solar farm offline.,400 MW,not reported,Near Wellington,Dubbo Regional Council,New South Wales,-32.550000,148.950000,source_reported_workbook,Approximate project area,Workbook coordinate precision: Approximate project area.,NSW Rural Fire Service brought the fire under control.,Grass fire / bushfire exposure | Heatwave and bushfire conditions,Web source: www.pv-magazine.com,www-pv-magazine-com_page_5986e8d05063.pdf,web source,https://www.pv-magazine.com/2025/12/08/fire-forces-400-mw-solar-farm-offline-in-australia/,verified_websearch_workbook,PV-0048,Grass fire,Grass fire / bushfire exposure,Heatwave and bushfire conditions,Major,Unknown,400,News / trade publication,High,Verified,Look for independent corroborating source,NSW Rural Fire Service brought the fire under control.,captured
not reported,not reported,not reported,system level,2017-07-25,not reported,2017,2017,not reported,not reported,not reported,not reported,not reported,United States,"San Antonio area, Bexar County, Texas, United States","29.420000, -98.500000",not reported,not reported,not reported,not reported,not reported,"[""web-search workbook""]",0.9,not reported,not reported,not reported,not reported,not reported,not reported,"Insurance-industry reporting states that hail damaged 17,920 PV modules at Alamo 2 Solar Farm.","[""hail""]",not reported,not reported,User-supplied web-search workbook record PV-0049; source capture statuses: capture_failed (https://origisenergy.com/wp-content/uploads/2024/11/Solar-The-Perfect-Storm-002.pdf),PVF-063,Discrete incident,Alamo 2 Solar Farm,2017-07-25,2017-07-25,hail,"[""hail""]","Hail | Hail | July 25, 2017 hailstorm","Insurance-industry reporting states that hail damaged 17,920 PV modules at Alamo 2 Solar Farm.","Insurance-industry reporting states that hail damaged 17,920 PV modules at Alamo 2 Solar Farm.",not reported,not reported,San Antonio area,Bexar County,Texas,29.420000,-98.500000,source_reported_workbook,Metro/municipality approximate,Workbook coordinate precision: Metro/municipality approximate.,Named project and module count are reported in an Aon power-industry insurance report citing GCube's Hail or High Water analysis.,"Hail | July 25, 2017 hailstorm",Web source: origisenergy.com,not reported,web source,https://origisenergy.com/wp-content/uploads/2024/11/Solar-The-Perfect-Storm-002.pdf,verified_websearch_workbook,PV-0049,Hail,Hail,"July 25, 2017 hailstorm",Major,Not publicly disclosed,not reported,Insurer / engineering / owner,High,Verified,Look for independent corroborating source,Named project and module count are reported in an Aon power-industry insurance report citing GCube's Hail or High Water analysis.,capture_failed
not reported,not reported,not reported,system level,2016-10,not reported,2016,2016,not reported,not reported,not reported,not reported,not reported,United States,"Virginia, Not disclosed, Virginia, United States",not reported,not reported,not reported,not reported,not reported,not reported,"[""web-search workbook""]",0.9,not reported,not reported,not reported,not reported,not reported,not reported,"Floodwater inundated the site; reports describe erosion, access-road damage, and impacts to structural/electrical components.","[""hurricane"", ""flood""]",not reported,not reported,User-supplied web-search workbook record PV-0050; source capture statuses: captured (https://pv-magazine-usa.com/2023/06/22/climate-change-and-solar-project-flood-risk/),PVF-064,Anonymous incident,Utility-scale PV project (Hurricane Matthew case study),2016-10,2016-10,hurricane,"[""hurricane"", ""flood""]",Flood | Flood | Hurricane Matthew,"Floodwater inundated the site; reports describe erosion, access-road damage, and impacts to structural/electrical components.","Floodwater inundated the site; reports describe erosion, access-road damage, and impacts to structural/electrical components.",not reported,not reported,Virginia,Not disclosed,Virginia,not reported,not reported,unmapped,not_reported,State only,Nextracker engineering case study; site name withheld.,Flood | Hurricane Matthew,Web source: pv-magazine-usa.com,pv-magazine-usa-com_page_9a8a95bf233c.pdf,web source,https://pv-magazine-usa.com/2023/06/22/climate-change-and-solar-project-flood-risk/,verified_websearch_workbook,PV-0050,Flood,Flood,Hurricane Matthew,Major,Unknown,not reported,News / trade publication,High,Verified,Look for independent corroborating source; Resolve to named site(s) if possible,Nextracker engineering case study; site name withheld.,captured
not reported,not reported,not reported,system level,2026-04-27,not reported,2026,2026,not reported,not reported,not reported,not reported,not reported,Syria,"Aleppo countryside, Aleppo countryside, Aleppo Governorate, Syria","36.200000, 37.160000",not reported,not reported,not reported,not reported,not reported,"[""web-search workbook""]",0.9,not reported,not reported,not reported,not reported,not reported,not reported,Reuters imagery showed solar panels partially submerged in floodwaters on agricultural land.,"[""flood""]",not reported,not reported,User-supplied web-search workbook record PV-0051; source capture statuses: capture_failed (https://www.reutersconnect.com/item/a-drone-view-shows-solar-panels-partially-submerged-in-floodwaters-in-an-agricultural-land-in-the-countryside-of-aleppo/dGFnOnJldXRlcnMuY29tLDIwMjY6bmV3c21sX1JDMlVYS0FWSElDUA),PVF-065,Discrete incident,Agricultural PV systems in Aleppo countryside,2026-04-27,2026-04-27,flood,"[""flood""]",Flood | Flood | Heavy rainfall and dam overflow,Reuters imagery showed solar panels partially submerged in floodwaters on agricultural land.,Reuters imagery showed solar panels partially submerged in floodwaters on agricultural land.,not reported,not reported,Aleppo countryside,Aleppo countryside,Aleppo Governorate,36.200000,37.160000,source_reported_workbook,Regional approximate,Workbook coordinate precision: Regional approximate.,Photo-documented event; individual owner/site not identified.,Flood | Heavy rainfall and dam overflow,Web source: www.reutersconnect.com,not reported,web source,https://www.reutersconnect.com/item/a-drone-view-shows-solar-panels-partially-submerged-in-floodwaters-in-an-agricultural-land-in-the-countryside-of-aleppo/dGFnOnJldXRlcnMuY29tLDIwMjY6bmV3c21sX1JDMlVYS0FWSElDUA,verified_websearch_workbook,PV-0051,Flood,Flood,Heavy rainfall and dam overflow,Major,Unknown,not reported,News / trade publication,High,Verified,Look for independent corroborating source,Photo-documented event; individual owner/site not identified.,capture_failed
not reported,not reported,not reported,system level,2021-12,not reported,2021,2021,1 MW,1000000,not reported,not reported,not reported,Unknown,"Unknown, Unknown, Unknown, Unknown",not reported,not reported,not reported,not reported,not reported,not reported,"[""web-search workbook""]",0.45,not reported,not reported,not reported,not reported,not reported,not reported,First-hand account described central inverters submerged above raised foundations at an operating utility-scale plant.,"[""flood""]",not reported,not reported,User-supplied web-search workbook record PV-0052; source capture statuses: capture_failed (https://www.reddit.com/r/solar/comments/rndm5e/),PVF-066,Anecdotal incident,Utility-scale PV plant with submerged inverters,2021-12,2021-12,flood,"[""flood""]",Flood | Flood | Severe flood,First-hand account described central inverters submerged above raised foundations at an operating utility-scale plant.,First-hand account described central inverters submerged above raised foundations at an operating utility-scale plant.,1 MW,not reported,Unknown,Unknown,Unknown,not reported,not reported,unmapped,not_reported,Unavailable,Anecdotal first-hand report; location withheld.,Flood | Severe flood,Web source: www.reddit.com,not reported,web source,https://www.reddit.com/r/solar/comments/rndm5e/,partially_verified_websearch_workbook,PV-0052,Flood,Flood,Severe flood,Major,Unknown,1,Social media / first-hand,Low,Partially verified,"Look for independent corroborating source; Find authoritative or local-news confirmation; Verify date, site identity, and damage details; Resolve to named site(s) if possible",Anecdotal first-hand report; location withheld.,capture_failed
not reported,not reported,not reported,system level,2021,not reported,2021,2021,not reported,not reported,not reported,not reported,not reported,Malaysia,"Unknown, Unknown, Unknown, Malaysia",not reported,not reported,not reported,not reported,not reported,not reported,"[""web-search workbook""]",0.62,not reported,not reported,not reported,not reported,not reported,not reported,Published case study documented direct lightning damage to modules at a large operating PV farm.,"[""lightning""]",not reported,not reported,User-supplied web-search workbook record PV-0053; source capture statuses: captured (https://iemjournal.com.my/index.php/iem/article/view/84),PVF-067,Anonymous incident,Large PV farm (direct lightning case study),2021,2021,lightning,"[""lightning""]",Lightning | Lightning | Direct lightning strike,Published case study documented direct lightning damage to modules at a large operating PV farm.,Published case study documented direct lightning damage to modules at a large operating PV farm.,not reported,not reported,Unknown,Unknown,Unknown,not reported,not reported,unmapped,not_reported,Unavailable,Project name and location were anonymized.,Lightning | Direct lightning strike,Web source: iemjournal.com.my,iemjournal-com-my_84_e0775592f43a.pdf,web source,https://iemjournal.com.my/index.php/iem/article/view/84,partially_verified_websearch_workbook,PV-0053,Lightning,Lightning,Direct lightning strike,Major,Unknown,not reported,Peer-reviewed / academic,Medium,Partially verified,"Look for independent corroborating source; Verify date, site identity, and damage details; Resolve to named site(s) if possible",Project name and location were anonymized.,captured
not reported,not reported,not reported,system level,~2017,not reported,2017,2017,not reported,not reported,not reported,not reported,not reported,Malaysia,"Unknown, Unknown, Unknown, Malaysia",not reported,not reported,not reported,not reported,not reported,not reported,"[""web-search workbook""]",0.62,not reported,not reported,not reported,not reported,not reported,not reported,"Field-based study reported damage to PV modules, two inverters, and a transformer.","[""lightning""]",not reported,not reported,User-supplied web-search workbook record PV-0054; source capture statuses: capture_failed (https://www.mdpi.com/1996-1073/10/12/2149),PVF-068,Discrete incident,Large grid-connected PV farm,~2017,~2017,lightning,"[""lightning""]",Lightning | Lightning | Direct lightning strike,"Field-based study reported damage to PV modules, two inverters, and a transformer.","Field-based study reported damage to PV modules, two inverters, and a transformer.",not reported,not reported,Unknown,Unknown,Unknown,not reported,not reported,unmapped,not_reported,Unavailable,Academic case study; project identity withheld.,Lightning | Direct lightning strike,Web source: www.mdpi.com,not reported,web source,https://www.mdpi.com/1996-1073/10/12/2149,partially_verified_websearch_workbook,PV-0054,Lightning,Lightning,Direct lightning strike,Major,Unknown,not reported,Peer-reviewed / academic,Medium,Partially verified,"Look for independent corroborating source; Verify date, site identity, and damage details",Academic case study; project identity withheld.,capture_failed
not reported,not reported,not reported,system level,2023,not reported,2023,2023,not reported,not reported,not reported,not reported,not reported,United States,"Unknown, Unknown, Unknown, United States",not reported,not reported,not reported,not reported,not reported,not reported,"[""web-search workbook""]",0.45,not reported,not reported,not reported,not reported,not reported,not reported,Installer reported roughly 90% of modules in one tracker section burned while the inverter survived.,"[""lightning""]",not reported,not reported,User-supplied web-search workbook record PV-0055; source capture statuses: capture_failed (https://www.reddit.com/r/solar/comments/15qfee2/),PVF-069,Anecdotal incident,Utility-scale tracking solar farm,2023,2023,lightning,"[""lightning""]",Lightning | Lightning | Lightning strike,Installer reported roughly 90% of modules in one tracker section burned while the inverter survived.,Installer reported roughly 90% of modules in one tracker section burned while the inverter survived.,not reported,not reported,Unknown,Unknown,Unknown,not reported,not reported,unmapped,not_reported,Unavailable,First-hand industry anecdote; project location not disclosed.,Lightning | Lightning strike,Web source: www.reddit.com,not reported,web source,https://www.reddit.com/r/solar/comments/15qfee2/,partially_verified_websearch_workbook,PV-0055,Lightning,Lightning,Lightning strike,Major,Unknown,not reported,Social media / first-hand,Low,Partially verified,"Look for independent corroborating source; Find authoritative or local-news confirmation; Verify date, site identity, and damage details; Resolve to named site(s) if possible",First-hand industry anecdote; project location not disclosed.,capture_failed
not reported,not reported,not reported,system level,2023,not reported,2023,2023,not reported,not reported,not reported,not reported,not reported,United States,"Unknown, Unknown, Unknown, United States",not reported,not reported,not reported,not reported,not reported,not reported,"[""web-search workbook""]",0.45,not reported,not reported,not reported,not reported,not reported,not reported,Installer reported an inverter destroyed while modules remained intact.,"[""lightning""]",not reported,not reported,User-supplied web-search workbook record PV-0056; source capture statuses: capture_failed (https://www.reddit.com/r/solar/comments/15qfee2/),PVF-070,Anecdotal incident,Ground-mounted PV array,2023,2023,lightning,"[""lightning""]",Lightning | Lightning | Nearby/direct lightning strike,Installer reported an inverter destroyed while modules remained intact.,Installer reported an inverter destroyed while modules remained intact.,not reported,not reported,Unknown,Unknown,Unknown,not reported,not reported,unmapped,not_reported,Unavailable,First-hand industry anecdote.,Lightning | Nearby/direct lightning strike,Web source: www.reddit.com,not reported,web source,https://www.reddit.com/r/solar/comments/15qfee2/,partially_verified_websearch_workbook,PV-0056,Lightning,Lightning,Nearby/direct lightning strike,Localized,Unknown,not reported,Social media / first-hand,Low,Partially verified,"Look for independent corroborating source; Find authoritative or local-news confirmation; Verify date, site identity, and damage details; Resolve to named site(s) if possible",First-hand industry anecdote.,capture_failed
not reported,not reported,not reported,system level,2023,not reported,2023,2023,not reported,not reported,not reported,not reported,not reported,United States,"Unknown, Unknown, Unknown, United States",not reported,not reported,not reported,not reported,not reported,not reported,"[""web-search workbook""]",0.45,not reported,not reported,not reported,not reported,not reported,not reported,Installer reported destruction of the data logger while the inverter remained operational.,"[""lightning""]",not reported,not reported,User-supplied web-search workbook record PV-0057; source capture statuses: capture_failed (https://www.reddit.com/r/solar/comments/15qfee2/),PVF-071,Anecdotal incident,Rooftop PV system,2023,2023,lightning,"[""lightning""]",Lightning | Lightning | Lightning strike,Installer reported destruction of the data logger while the inverter remained operational.,Installer reported destruction of the data logger while the inverter remained operational.,not reported,not reported,Unknown,Unknown,Unknown,not reported,not reported,unmapped,not_reported,Unavailable,First-hand industry anecdote.,Lightning | Lightning strike,Web source: www.reddit.com,not reported,web source,https://www.reddit.com/r/solar/comments/15qfee2/,partially_verified_websearch_workbook,PV-0057,Lightning,Lightning,Lightning strike,Localized,Unknown,not reported,Social media / first-hand,Low,Partially verified,"Look for independent corroborating source; Find authoritative or local-news confirmation; Verify date, site identity, and damage details; Resolve to named site(s) if possible",First-hand industry anecdote.,capture_failed
not reported,not reported,not reported,system level,2025,not reported,2025,2025,not reported,not reported,not reported,not reported,not reported,Unknown,"Unknown, Unknown, Unknown, Unknown",not reported,not reported,not reported,not reported,not reported,not reported,"[""web-search workbook""]",0.45,not reported,not reported,not reported,not reported,not reported,not reported,Homeowner reported damaged inverter electronics and battery-management systems after a nearby lightning strike.,"[""lightning""]",not reported,not reported,User-supplied web-search workbook record PV-0058; source capture statuses: capture_failed (https://www.reddit.com/r/solar/comments/1oihdy5/what_happened_to_my_solar_after_lightning_strike/),PVF-072,Anecdotal incident,Residential PV and battery system,2025,2025,lightning,"[""lightning""]",Lightning | Lightning | Nearby strike,Homeowner reported damaged inverter electronics and battery-management systems after a nearby lightning strike.,Homeowner reported damaged inverter electronics and battery-management systems after a nearby lightning strike.,not reported,not reported,Unknown,Unknown,Unknown,not reported,not reported,unmapped,not_reported,Unavailable,Anecdotal homeowner report.,Lightning | Nearby strike,Web source: www.reddit.com,not reported,web source,https://www.reddit.com/r/solar/comments/1oihdy5/what_happened_to_my_solar_after_lightning_strike/,partially_verified_websearch_workbook,PV-0058,Lightning,Lightning,Nearby strike,Major,Unknown,not reported,Social media / first-hand,Low,Partially verified,"Look for independent corroborating source; Find authoritative or local-news confirmation; Verify date, site identity, and damage details; Resolve to named site(s) if possible",Anecdotal homeowner report.,capture_failed
not reported,not reported,not reported,system level,2025-03,not reported,2025,2025,0.02835 MW,28350,not reported,not reported,not reported,United States,"Town not specified, Unknown, Oklahoma, United States",not reported,not reported,not reported,not reported,not reported,not reported,"[""web-search workbook""]",0.45,not reported,not reported,not reported,not reported,not reported,not reported,Homeowner reported wildfire burning about half the property and exposing two arrays totaling 90 modules to fire/ash.,"[""wildfire"", ""equipment_failure""]",not reported,not reported,User-supplied web-search workbook record PV-0059; source capture statuses: capture_failed (https://www.reddit.com/r/solarenergy/comments/1jf637k/),PVF-073,Anecdotal incident,Residential farm PV system,2025-03,2025-03,wildfire,"[""wildfire"", ""equipment_failure""]",Wildfire | Wildfire | Oklahoma wildfire,Homeowner reported wildfire burning about half the property and exposing two arrays totaling 90 modules to fire/ash.,Homeowner reported wildfire burning about half the property and exposing two arrays totaling 90 modules to fire/ash.,0.02835 MW,not reported,Town not specified,Unknown,Oklahoma,not reported,not reported,unmapped,not_reported,State only,First-hand homeowner account; exact locality withheld.,Wildfire | Oklahoma wildfire,Web source: www.reddit.com,not reported,web source,https://www.reddit.com/r/solarenergy/comments/1jf637k/,partially_verified_websearch_workbook,PV-0059,Wildfire,Wildfire,Oklahoma wildfire,Unknown,Unknown,0.02835,Social media / first-hand,Low,Partially verified,"Look for independent corroborating source; Find authoritative or local-news confirmation; Verify date, site identity, and damage details; Resolve to named site(s) if possible",First-hand homeowner account; exact locality withheld.,capture_failed
not reported,not reported,not reported,system level,2021-10-27,not reported,2021,2021,not reported,not reported,not reported,not reported,not reported,United States,"Southeastern Massachusetts, Plymouth County (approx.), Massachusetts, United States",not reported,not reported,not reported,not reported,not reported,not reported,"[""web-search workbook""]",0.9,not reported,not reported,not reported,not reported,not reported,not reported,"Approximately 40 of 4,000 modules flipped; at least one module was blown roughly 100 feet.","[""wind""]",not reported,not reported,User-supplied web-search workbook record PV-0060; source capture statuses: captured (https://pv-magazine-usa.com/2021/11/05/a-noreaster-blew-through-our-solar-guy-climbed-on-roofs-to-see-the-results/); captured (https://www.pv-magazine.com/2021/11/08/storm-damages-shine-spotlight-on-ways-to-mitigate-impact-of-wind-on-pv-arrays/),PVF-074,Anonymous incident,Commercial rooftop PV array,2021-10-27,2021-10-27,wind,"[""wind""]",Wind | Wind | Nor'easter,"Approximately 40 of 4,000 modules flipped; at least one module was blown roughly 100 feet.","Approximately 40 of 4,000 modules flipped; at least one module was blown roughly 100 feet.",not reported,not reported,Southeastern Massachusetts,Plymouth County (approx.),Massachusetts,not reported,not reported,unmapped,not_reported,County approximate,Named owner/site not disclosed in article.,Wind | Nor'easter,Web source: pv-magazine-usa.com | Web source: www.pv-magazine.com,pv-magazine-usa-com_page_b1751c4efccd.pdf | www-pv-magazine-com_page_10296252bd59.pdf,web source,https://pv-magazine-usa.com/2021/11/05/a-noreaster-blew-through-our-solar-guy-climbed-on-roofs-to-see-the-results/ | https://www.pv-magazine.com/2021/11/08/storm-damages-shine-spotlight-on-ways-to-mitigate-impact-of-wind-on-pv-arrays/,verified_websearch_workbook,PV-0060,Wind,Wind,Nor'easter,Major,Unknown,not reported,News / trade publication,High,Verified,Resolve to named site(s) if possible,Named owner/site not disclosed in article.,captured | captured
not reported,not reported,not reported,system level,pre-2019,not reported,2019,2019,not reported,not reported,not reported,not reported,not reported,Unknown,"Unknown, Unknown, Unknown, Unknown",not reported,not reported,not reported,not reported,not reported,not reported,"[""web-search workbook""]",0.62,not reported,not reported,not reported,not reported,not reported,not reported,Modules were torn from mounting systems and scattered around the project; broken modules and later thermal damage were documented.,"[""wind""]",not reported,not reported,User-supplied web-search workbook record PV-0061; source capture statuses: capture_failed (https://pv-magazine-usa.com/wp-content/uploads/sites/2/2019/06/pv-magazine-Quality-Roundtable-SPSE-2019-Final.pdf),PVF-075,Anonymous incident,Utility-scale PV project (engineering case study),pre-2019,pre-2019,wind,"[""wind""]",Wind | Wind | Severe wind event,Modules were torn from mounting systems and scattered around the project; broken modules and later thermal damage were documented.,Modules were torn from mounting systems and scattered around the project; broken modules and later thermal damage were documented.,not reported,not reported,Unknown,Unknown,Unknown,not reported,not reported,unmapped,not_reported,Unavailable,Anonymous engineering case study.,Wind | Severe wind event,Web source: pv-magazine-usa.com,not reported,web source,https://pv-magazine-usa.com/wp-content/uploads/sites/2/2019/06/pv-magazine-Quality-Roundtable-SPSE-2019-Final.pdf,partially_verified_websearch_workbook,PV-0061,Wind,Wind,Severe wind event,Major,Unknown,not reported,News / trade publication,Medium,Partially verified,"Look for independent corroborating source; Verify date, site identity, and damage details; Resolve to named site(s) if possible",Anonymous engineering case study.,capture_failed
not reported,not reported,not reported,system level,2017-04-18,not reported,2017,2017,not reported,not reported,not reported,not reported,not reported,United Kingdom,"Near Melksham, Wiltshire, England, United Kingdom","51.370000, -2.140000",not reported,not reported,not reported,not reported,not reported,"[""web-search workbook""]",0.62,not reported,not reported,not reported,not reported,not reported,not reported,Firefighters responded to a fire within the solar farm; public accounts describe PV equipment involvement and high DC-voltage hazards.,"[""equipment_failure""]",not reported,not reported,User-supplied web-search workbook record PV-0062; source capture statuses: captured (https://pvstop.com.au/solar-farm-fire-at-sandridge-hill-wiltshire-uk/),PVF-076,Discrete incident,Snarlton Farm / Sandridge Hill solar farm,2017-04-18,2017-04-18,equipment_failure,"[""equipment_failure""]",Fire | Fire | Cause not publicly confirmed,Firefighters responded to a fire within the solar farm; public accounts describe PV equipment involvement and high DC-voltage hazards.,Firefighters responded to a fire within the solar farm; public accounts describe PV equipment involvement and high DC-voltage hazards.,not reported,not reported,Near Melksham,Wiltshire,England,51.370000,-2.140000,source_reported_workbook,Locality approximate,Workbook coordinate precision: Locality approximate.,Trade safety case summary; seek original fire-service incident report.,Fire | Cause not publicly confirmed,Web source: pvstop.com.au,pvstop-com-au_page_6699f2c1126b.pdf,web source,https://pvstop.com.au/solar-farm-fire-at-sandridge-hill-wiltshire-uk/,partially_verified_websearch_workbook,PV-0062,Fire,Fire,Cause not publicly confirmed,Major,Unknown,not reported,News / trade publication,Medium,Partially verified,"Look for independent corroborating source; Verify date, site identity, and damage details",Trade safety case summary; seek original fire-service incident report.,captured
not reported,not reported,not reported,system level,2026-07,not reported,2026,2026,not reported,not reported,not reported,not reported,not reported,India,"Jaisalmer, Jaisalmer District, Rajasthan, India","26.915700, 70.908300",not reported,not reported,not reported,not reported,not reported,"[""web-search workbook""]",0.9,not reported,not reported,not reported,not reported,not reported,not reported,"Strong winds tore large solar panels from a hotel rooftop; panels struck people on the road, killing one and injuring two.","[""wind""]",not reported,not reported,User-supplied web-search workbook record PV-0063; source capture statuses: captured (https://timesofindia.indiatimes.com/city/jaipur/heavy-rain-batters-rajasthan-man-killed-two-grandsons-injured-after-solar-panels-ripped-off-hotel-rooftop-crash-onto-road/articleshow/132191340.cms),PVF-077,Discrete incident,Hotel rooftop PV system,2026-07,2026-07,wind,"[""wind""]",Wind | Wind | Severe thunderstorm and heavy rain,"Strong winds tore large solar panels from a hotel rooftop; panels struck people on the road, killing one and injuring two.","Strong winds tore large solar panels from a hotel rooftop; panels struck people on the road, killing one and injuring two.",not reported,not reported,Jaisalmer,Jaisalmer District,Rajasthan,26.915700,70.908300,source_reported_workbook,City approximate,Workbook coordinate precision: City approximate.,Fresh search addition; exact hotel not identified.,Wind | Severe thunderstorm and heavy rain,Web source: timesofindia.indiatimes.com,timesofindia-indiatimes-com_132191340-cms_aec822f8131b.pdf,web source,https://timesofindia.indiatimes.com/city/jaipur/heavy-rain-batters-rajasthan-man-killed-two-grandsons-injured-after-solar-panels-ripped-off-hotel-rooftop-crash-onto-road/articleshow/132191340.cms,verified_websearch_workbook,PV-0063,Wind,Wind,Severe thunderstorm and heavy rain,Catastrophic,Unknown,not reported,News / trade publication,High,Verified,Look for independent corroborating source,Fresh search addition; exact hotel not identified.,captured
not reported,not reported,not reported,system level,2026-03-11,not reported,2026,2026,not reported,not reported,not reported,not reported,not reported,United States,"Near Wheatfield, Jasper County, Indiana, United States",not reported,not reported,not reported,not reported,not reported,not reported,"[""web-search workbook""]",0.9,not reported,not reported,not reported,not reported,not reported,not reported,"EF1 tornado damaged trackers, racking and modules across portions of the utility-scale facility.","[""tornado"", ""wind""]",not reported,not reported,User-supplied web-search workbook record PV-0064; source capture statuses: captured (https://wsbt.com/news/local/solar-farm-damaged-by-severe-storms-rain-tornado-winds-supercell-damage-wheatfield-jasper-county-indiana),PVF-078,Discrete incident,Dunns Bridge I & II Solar,2026-03-11,2026-03-11,tornado,"[""tornado"", ""wind""]",Tornado | Tornado / severe wind | March 2026 severe storms,"EF1 tornado damaged trackers, racking and modules across portions of the utility-scale facility.","EF1 tornado damaged trackers, racking and modules across portions of the utility-scale facility.",not reported,not reported,Near Wheatfield,Jasper County,Indiana,not reported,not reported,unmapped,not_reported,County/locality approximate,Added from news search.,Tornado / severe wind | March 2026 severe storms,Web source: wsbt.com,wsbt-com_solar-farm-damaged-by-severe-storms-rain-tornado-winds-supercell-damag_79635e46cdcd.pdf,web source,https://wsbt.com/news/local/solar-farm-damaged-by-severe-storms-rain-tornado-winds-supercell-damage-wheatfield-jasper-county-indiana,verified_websearch_workbook,PV-0064,Tornado,Tornado / severe wind,March 2026 severe storms,Major,Unknown,not reported,News / trade publication,High,Verified,Identify exact damaged blocks and capacity affected,Added from news search.,captured
not reported,not reported,not reported,system level,2022-12-13,not reported,2022,2022,not reported,not reported,not reported,not reported,not reported,United States,"Near Wolfe City, Hunt / Fannin counties, Texas, United States",not reported,not reported,not reported,not reported,not reported,not reported,"[""web-search workbook""]",0.62,not reported,not reported,not reported,not reported,not reported,not reported,An EF1 tornado crossed a solar farm and damaged numerous modules and supporting structures.,"[""tornado""]",not reported,not reported,User-supplied web-search workbook record PV-0065; source capture statuses: captured (https://en.wikipedia.org/wiki/Tornado_outbreak_of_December_12%E2%80%9315%2C_2022),PVF-079,Discrete incident,Solar farm near Wolfe City,2022-12-13,2022-12-13,tornado,"[""tornado""]",Tornado | Tornado | December 2022 tornado outbreak,An EF1 tornado crossed a solar farm and damaged numerous modules and supporting structures.,An EF1 tornado crossed a solar farm and damaged numerous modules and supporting structures.,not reported,not reported,Near Wolfe City,Hunt / Fannin counties,Texas,not reported,not reported,unmapped,not_reported,Locality approximate,Previously found lead retained with verification flag.,Tornado | December 2022 tornado outbreak,Web source: en.wikipedia.org,en-wikipedia-org_tornado-outbreak-of-december-12-e2-80-9315-2c-2022_618d9173deeb.pdf,web source,https://en.wikipedia.org/wiki/Tornado_outbreak_of_December_12%E2%80%9315%2C_2022,partially_verified_websearch_workbook,PV-0065,Tornado,Tornado,December 2022 tornado outbreak,Major,Unknown,not reported,Secondary compilation,Medium,Partially verified,Replace compilation with NWS survey or local emergency report; identify project,Previously found lead retained with verification flag.,captured
not reported,not reported,not reported,system level,2026-03,not reported,2026,2026,not reported,not reported,not reported,not reported,not reported,United States,"Near Livingston, Madison County, Illinois, United States",not reported,not reported,not reported,not reported,not reported,not reported,"[""web-search workbook""]",0.45,not reported,not reported,not reported,not reported,not reported,not reported,A tornado survey reportedly identified damage to a solar farm; project identity and full damage details remain unresolved.,"[""tornado""]",not reported,not reported,User-supplied web-search workbook record PV-0066; source capture statuses: captured (https://en.wikipedia.org/wiki/Tornado_outbreak_of_March_10%E2%80%9312%2C_2026),PVF-080,Discrete incident,Unnamed solar farm near Livingston,2026-03,2026-03,tornado,"[""tornado""]",Tornado | Tornado | March 2026 tornado outbreak,A tornado survey reportedly identified damage to a solar farm; project identity and full damage details remain unresolved.,A tornado survey reportedly identified damage to a solar farm; project identity and full damage details remain unresolved.,not reported,not reported,Near Livingston,Madison County,Illinois,not reported,not reported,unmapped,not_reported,County/locality approximate,Lead retained in main table per user request.,Tornado | March 2026 tornado outbreak,Web source: en.wikipedia.org,en-wikipedia-org_tornado-outbreak-of-march-10-e2-80-9312-2c-2026_aee29ecb2d31.pdf,web source,https://en.wikipedia.org/wiki/Tornado_outbreak_of_March_10%E2%80%9312%2C_2026,partially_verified_websearch_workbook,PV-0066,Tornado,Tornado,March 2026 tornado outbreak,Unknown,Unknown,not reported,Secondary compilation,Low,Needs verification,"Find NWS survey, county report and project identity",Lead retained in main table per user request.,captured
not reported,not reported,not reported,system level,2026-03,not reported,2026,2026,not reported,not reported,not reported,not reported,not reported,United States,"Williamson area, Madison County, Illinois, United States",not reported,not reported,not reported,not reported,not reported,not reported,"[""web-search workbook""]",0.45,not reported,not reported,not reported,not reported,not reported,not reported,A tornado survey reportedly identified damage to a solar farm; the facility name remains unconfirmed.,"[""tornado""]",not reported,not reported,User-supplied web-search workbook record PV-0067; source capture statuses: captured (https://en.wikipedia.org/wiki/Tornado_outbreak_of_March_10%E2%80%9312%2C_2026),PVF-081,Discrete incident,Unnamed solar farm near Williamson,2026-03,2026-03,tornado,"[""tornado""]",Tornado | Tornado | March 2026 tornado outbreak,A tornado survey reportedly identified damage to a solar farm; the facility name remains unconfirmed.,A tornado survey reportedly identified damage to a solar farm; the facility name remains unconfirmed.,not reported,not reported,Williamson area,Madison County,Illinois,not reported,not reported,unmapped,not_reported,County/locality approximate,Lead retained in main table per user request.,Tornado | March 2026 tornado outbreak,Web source: en.wikipedia.org,en-wikipedia-org_tornado-outbreak-of-march-10-e2-80-9312-2c-2026_aee29ecb2d31.pdf,web source,https://en.wikipedia.org/wiki/Tornado_outbreak_of_March_10%E2%80%9312%2C_2026,partially_verified_websearch_workbook,PV-0067,Tornado,Tornado,March 2026 tornado outbreak,Unknown,Unknown,not reported,Secondary compilation,Low,Needs verification,"Find NWS survey, county report and project identity",Lead retained in main table per user request.,captured
not reported,not reported,not reported,system level,2021-06,not reported,2021,2021,not reported,not reported,not reported,not reported,not reported,United States,"Perryville, Cecil County, Maryland, United States","39.560000, -76.070000",not reported,not reported,not reported,not reported,not reported,"[""web-search workbook""]",0.9,not reported,not reported,not reported,not reported,not reported,not reported,"A rooftop fire linked to the solar installation caused an estimated $500,000 in damage; no injuries were reported.","[""equipment_failure""]",not reported,not reported,User-supplied web-search workbook record PV-0068; source capture statuses: captured (https://www.pv-magazine.com/2021/06/11/amazon-warehouse-fire-linked-to-solar-installation/),PVF-082,Discrete incident,Amazon fulfillment warehouse rooftop PV,2021-06,2021-06,equipment_failure,"[""equipment_failure""]",Fire | Rooftop PV electrical fire | Accidental PV system fault,"A rooftop fire linked to the solar installation caused an estimated $500,000 in damage; no injuries were reported.","A rooftop fire linked to the solar installation caused an estimated $500,000 in damage; no injuries were reported.",not reported,not reported,Perryville,Cecil County,Maryland,39.560000,-76.070000,source_reported_workbook,City approximate,Workbook coordinate precision: City approximate.,PV Magazine cites Susquehanna Hose Co. and the State Fire Marshal.,Rooftop PV electrical fire | Accidental PV system fault,Web source: www.pv-magazine.com,www-pv-magazine-com_page_7cc48e92217a.pdf,web source,https://www.pv-magazine.com/2021/06/11/amazon-warehouse-fire-linked-to-solar-installation/,verified_websearch_workbook,PV-0068,Fire,Rooftop PV electrical fire,Accidental PV system fault,Major,"~$500,000",not reported,News / fire authority cited,High,Verified,Locate original state fire marshal report and exact incident date,PV Magazine cites Susquehanna Hose Co. and the State Fire Marshal.,captured
not reported,not reported,not reported,system level,2020-04,not reported,2020,2020,not reported,not reported,not reported,not reported,not reported,United States,"Fresno, Fresno County, California, United States","36.740000, -119.790000",not reported,not reported,not reported,not reported,not reported,"[""web-search workbook""]",0.62,not reported,not reported,not reported,not reported,not reported,not reported,A section of approximately 20 rooftop modules caught fire at an Amazon facility.,"[""equipment_failure""]",not reported,not reported,User-supplied web-search workbook record PV-0069; source capture statuses: captured (https://www.pv-magazine.com/2021/06/11/amazon-warehouse-fire-linked-to-solar-installation/),PVF-083,Discrete incident,Amazon fulfillment facility rooftop PV,2020-04,2020-04,equipment_failure,"[""equipment_failure""]",Fire | Rooftop PV fire | PV array section fire,A section of approximately 20 rooftop modules caught fire at an Amazon facility.,A section of approximately 20 rooftop modules caught fire at an Amazon facility.,not reported,not reported,Fresno,Fresno County,California,36.740000,-119.790000,source_reported_workbook,City approximate,Workbook coordinate precision: City approximate.,Referenced as the earlier Amazon rooftop PV fire in the Perryville report.,Rooftop PV fire | PV array section fire,Web source: www.pv-magazine.com,www-pv-magazine-com_page_7cc48e92217a.pdf,web source,https://www.pv-magazine.com/2021/06/11/amazon-warehouse-fire-linked-to-solar-installation/,partially_verified_websearch_workbook,PV-0069,Fire,Rooftop PV fire,PV array section fire,Localized,Unknown,not reported,News / trade publication,Medium,Partially verified,Find original Fresno Fire Department or state fire report,Referenced as the earlier Amazon rooftop PV fire in the Perryville report.,captured
not reported,not reported,not reported,system level,2021-05-20,not reported,2021,2021,not reported,not reported,not reported,not reported,not reported,Netherlands,"Noardburgum, Tytsjerksteradiel, Friesland, Netherlands","53.220000, 6.000000",not reported,not reported,not reported,not reported,not reported,"[""web-search workbook""]",0.9,not reported,not reported,not reported,not reported,not reported,not reported,A major warehouse fire dispersed fragments of PV modules over several kilometers; the municipality received dozens of reports from nearby residents.,"[""equipment_failure""]",not reported,not reported,User-supplied web-search workbook record PV-0070; source capture statuses: captured (https://www.pv-magazine.com/2021/05/26/major-fire-at-solar-powered-warehouse-in-the-netherlands-raises-concerns-among-nearby-residents/),PVF-084,Discrete incident,Solar-powered warehouse,2021-05-20,2021-05-20,equipment_failure,"[""equipment_failure""]",Fire | Building fire involving rooftop PV | Cause not confirmed in article,A major warehouse fire dispersed fragments of PV modules over several kilometers; the municipality received dozens of reports from nearby residents.,A major warehouse fire dispersed fragments of PV modules over several kilometers; the municipality received dozens of reports from nearby residents.,not reported,not reported,Noardburgum,Tytsjerksteradiel,Friesland,53.220000,6.000000,source_reported_workbook,Village approximate,Workbook coordinate precision: Village approximate.,"PV involvement is documented, but the article does not establish that the PV system initiated the fire.",Building fire involving rooftop PV | Cause not confirmed in article,Web source: www.pv-magazine.com,www-pv-magazine-com_page_8be01bbe20c0.pdf,web source,https://www.pv-magazine.com/2021/05/26/major-fire-at-solar-powered-warehouse-in-the-netherlands-raises-concerns-among-nearby-residents/,verified_websearch_workbook,PV-0070,Fire,Building fire involving rooftop PV,Cause not confirmed in article,Major,Unknown,not reported,Municipality / news report,High,Verified,Find original municipal press release and fire investigation cause,"PV involvement is documented, but the article does not establish that the PV system initiated the fire.",captured
not reported,not reported,not reported,system level,2018-07,not reported,2018,2018,not reported,not reported,not reported,not reported,not reported,South Korea,"South of Daegu, Not identified, Gyeongsangbuk Province, South Korea",not reported,not reported,not reported,not reported,not reported,not reported,"[""web-search workbook""]",0.9,not reported,not reported,not reported,not reported,not reported,not reported,A landslide destroyed part of an operating hillside PV array; modules and support structures slid downslope and onto a road.,"[""other""]",not reported,not reported,User-supplied web-search workbook record PV-0071; source capture statuses: captured (https://www.pv-magazine.com/2018/07/12/south-korea-to-set-new-pv-construction-rules-after-landslide-destroys-array/),PVF-085,Discrete incident,Unnamed operational solar array south of Daegu,2018-07,2018-07,other,"[""other""]",Landslide | Rainfall-triggered slope failure | Heavy rainfall / slope instability,A landslide destroyed part of an operating hillside PV array; modules and support structures slid downslope and onto a road.,A landslide destroyed part of an operating hillside PV array; modules and support structures slid downslope and onto a road.,not reported,not reported,South of Daegu,Not identified,Gyeongsangbuk Province,not reported,not reported,unmapped,not_reported,Regional description only,The incident prompted tighter national siting rules for steep and disaster-prone slopes.,Rainfall-triggered slope failure | Heavy rainfall / slope instability,Web source: www.pv-magazine.com,www-pv-magazine-com_page_0ffc84ad74a5.pdf,web source,https://www.pv-magazine.com/2018/07/12/south-korea-to-set-new-pv-construction-rules-after-landslide-destroys-array/,verified_websearch_workbook,PV-0071,Landslide,Rainfall-triggered slope failure,Heavy rainfall / slope instability,Major,Unknown,not reported,News / trade publication,High,Verified,Resolve exact municipality and coordinates if possible,The incident prompted tighter national siting rules for steep and disaster-prone slopes.,captured
not reported,not reported,not reported,system level,2018,not reported,2018,2018,not reported,not reported,not reported,not reported,not reported,South Korea,"Yeoncheon, Yeoncheon County, Gyeonggi Province, South Korea",not reported,not reported,not reported,not reported,not reported,not reported,"[""web-search workbook""]",0.62,not reported,not reported,not reported,not reported,not reported,not reported,A landslide occurred at a solar power facility in Yeoncheon; public reporting identifies it as one of the incidents that triggered concern over hillside PV development.,"[""other""]",not reported,not reported,User-supplied web-search workbook record PV-0072; source capture statuses: captured (https://www.dongascience.com/en/news/39176),PVF-086,Discrete incident,Solar power facility in Yeoncheon,2018,2018,other,"[""other""]",Landslide | Rainfall-triggered slope failure | Heavy rainfall,A landslide occurred at a solar power facility in Yeoncheon; public reporting identifies it as one of the incidents that triggered concern over hillside PV development.,A landslide occurred at a solar power facility in Yeoncheon; public reporting identifies it as one of the incidents that triggered concern over hillside PV development.,not reported,not reported,Yeoncheon,Yeoncheon County,Gyeonggi Province,not reported,not reported,unmapped,not_reported,County-level only,Project name and exact damage count were not disclosed.,Rainfall-triggered slope failure | Heavy rainfall,Web source: www.dongascience.com,www-dongascience-com_39176_90f66fc21938.pdf,web source,https://www.dongascience.com/en/news/39176,partially_verified_websearch_workbook,PV-0072,Landslide,Rainfall-triggered slope failure,Heavy rainfall,Moderate,Unknown,not reported,News / science publication,Medium,Partially verified,Find Korean government or local incident report; determine exact date and extent of PV damage,Project name and exact damage count were not disclosed.,captured
not reported,not reported,not reported,system level,2018,not reported,2018,2018,not reported,not reported,not reported,not reported,not reported,South Korea,"Cheongdo, Cheongdo County, North Gyeongsang Province, South Korea",not reported,not reported,not reported,not reported,not reported,not reported,"[""web-search workbook""]",0.62,not reported,not reported,not reported,not reported,not reported,not reported,"A landslide occurred within a solar power development zone in Cheongdo County, contributing to national concern about slope stability at mountain PV sites.","[""other""]",not reported,not reported,User-supplied web-search workbook record PV-0073; source capture statuses: captured (https://www.dongascience.com/en/news/39176),PVF-087,Discrete incident,Solar development zone in Cheongdo County,2018,2018,other,"[""other""]",Landslide | Rainfall-triggered slope failure | Heavy rainfall,"A landslide occurred within a solar power development zone in Cheongdo County, contributing to national concern about slope stability at mountain PV sites.","A landslide occurred within a solar power development zone in Cheongdo County, contributing to national concern about slope stability at mountain PV sites.",not reported,not reported,Cheongdo,Cheongdo County,North Gyeongsang Province,not reported,not reported,unmapped,not_reported,County-level only,Project name and exact damage count were not disclosed.,Rainfall-triggered slope failure | Heavy rainfall,Web source: www.dongascience.com,www-dongascience-com_39176_90f66fc21938.pdf,web source,https://www.dongascience.com/en/news/39176,partially_verified_websearch_workbook,PV-0073,Landslide,Rainfall-triggered slope failure,Heavy rainfall,Moderate,Unknown,not reported,News / science publication,Medium,Partially verified,Find Korean government or local incident report; determine exact date and extent of PV damage,Project name and exact damage count were not disclosed.,captured
not reported,not reported,not reported,system level,2020-08,not reported,2020,2020,not reported,not reported,not reported,not reported,not reported,South Korea,"Jangsu, Jangsu County, North Jeolla Province, South Korea",not reported,not reported,not reported,not reported,not reported,not reported,"[""web-search workbook""]",0.62,not reported,not reported,not reported,not reported,not reported,not reported,"Panels on a mountaintop installation collapsed after heavy rainfall and the slope failed, producing a landslide.","[""other""]",not reported,not reported,User-supplied web-search workbook record PV-0074; source capture statuses: captured (https://www.koreajoongangdaily.com/korea/in-rural-korea-solar-guys-and-villagers-cant-be-friends/10923598),PVF-088,Discrete incident,Mountaintop solar array in Jangsu County,2020-08,2020-08,other,"[""other""]",Landslide | Panel collapse and landslide | Prolonged monsoon rainfall,"Panels on a mountaintop installation collapsed after heavy rainfall and the slope failed, producing a landslide.","Panels on a mountaintop installation collapsed after heavy rainfall and the slope failed, producing a landslide.",not reported,not reported,Jangsu,Jangsu County,North Jeolla Province,not reported,not reported,unmapped,not_reported,County-level only,Article reports the event retrospectively and does not name the project.,Panel collapse and landslide | Prolonged monsoon rainfall,Web source: www.koreajoongangdaily.com,www-koreajoongangdaily-com_10923598_8f58adcc7781.pdf,web source,https://www.koreajoongangdaily.com/korea/in-rural-korea-solar-guys-and-villagers-cant-be-friends/10923598,partially_verified_websearch_workbook,PV-0074,Landslide,Panel collapse and landslide,Prolonged monsoon rainfall,Major,Unknown,not reported,News,Medium,Partially verified,Find local-government or Korea Forest Service report and exact site,Article reports the event retrospectively and does not name the project.,captured
not reported,not reported,not reported,system level,2020-08,not reported,2020,2020,not reported,not reported,not reported,not reported,not reported,South Korea,"Nationwide, Multiple counties, Multiple provinces, South Korea",not reported,not reported,not reported,not reported,not reported,not reported,"[""web-search workbook""]",0.9,not reported,not reported,not reported,not reported,not reported,not reported,Korea Forest Service data reported landslides at 12 solar-energy facilities during prolonged heavy rain.,"[""other""]",not reported,not reported,User-supplied web-search workbook record PV-0075; source capture statuses: captured (https://www.koreajoongangdaily.com/business/landslides-knock-out-some-solar-energy-facilities/12363908),PVF-089,Regional / portfolio evidence,South Korean solar facilities affected by monsoon landslides,2020-08,2020-08,other,"[""other""]",Landslide | Multiple rainfall-triggered landslides | 2020 Korean monsoon,Korea Forest Service data reported landslides at 12 solar-energy facilities during prolonged heavy rain.,Korea Forest Service data reported landslides at 12 solar-energy facilities during prolonged heavy rain.,not reported,not reported,Nationwide,Multiple counties,Multiple provinces,not reported,not reported,unmapped,not_reported,Regional only,Do not interpret this row as 12 named projects until individual locations are obtained.,Multiple rainfall-triggered landslides | 2020 Korean monsoon,Web source: www.koreajoongangdaily.com,www-koreajoongangdaily-com_12363908_73ea50d5e11d.pdf,web source,https://www.koreajoongangdaily.com/business/landslides-knock-out-some-solar-energy-facilities/12363908,verified_websearch_workbook,PV-0075,Landslide,Multiple rainfall-triggered landslides,2020 Korean monsoon,Mixed / regional,Unknown,not reported,Government data reported by news,High,Verified,Resolve the 12 facilities into separate site records where official data are available,Do not interpret this row as 12 named projects until individual locations are obtained.,captured
not reported,not reported,not reported,system level,2022-08-09,not reported,2022,2022,0.99918 MW,999180,not reported,not reported,not reported,South Korea,"Near National Route 6, Hoengseong County, Gangwon Province, South Korea",not reported,not reported,not reported,not reported,not reported,not reported,"[""web-search workbook""]",0.9,not reported,not reported,not reported,not reported,not reported,not reported,"The embankment at a 999.18 kW solar facility failed. Soil, approximately 200 panels, and drainage components traveled about 330 m, crossed toward National Route 6, killed one person, and destroyed two houses.","[""other"", ""flood""]",not reported,not reported,User-supplied web-search workbook record PV-0076; source capture statuses: captured (https://link.springer.com/article/10.1007/s10346-023-02112-9); capture_failed (https://floodlist.com/asia/south-korea-floods-august-2022),PVF-090,Discrete incident,Hoengseong solar power plant,2022-08-09,2022-08-09,other,"[""other"", ""flood""]",Debris flow | Landslide-generated debris flow | Extreme rainfall,"The embankment at a 999.18 kW solar facility failed. Soil, approximately 200 panels, and drainage components traveled about 330 m, crossed toward National Route 6, killed one person, and destroyed two houses.","The embankment at a 999.18 kW solar facility failed. Soil, approximately 200 panels, and drainage components traveled about 330 m, crossed toward National Route 6, killed one person, and destroyed two houses.",0.99918 MW,not reported,Near National Route 6,Hoengseong County,Gangwon Province,not reported,not reported,unmapped,not_reported,County/local road description,"Completed in 2019 on roughly 18,000 m².",Landslide-generated debris flow | Extreme rainfall,Web source: link.springer.com | Web source: floodlist.com,link-springer-com_s10346-023-02112-9_5ee9e8605765.pdf,web source,https://link.springer.com/article/10.1007/s10346-023-02112-9 | https://floodlist.com/asia/south-korea-floods-august-2022,verified_websearch_workbook,PV-0076,Debris flow,Landslide-generated debris flow,Extreme rainfall,Catastrophic,Unknown,0.99918,Peer-reviewed study,High,Verified,Resolve exact coordinates from study figures if needed,"Completed in 2019 on roughly 18,000 m².",captured | capture_failed
not reported,not reported,not reported,system level,2016-10,not reported,2016,2016,3 MW,3000000,not reported,not reported,not reported,Brazil,"Tubarão, Tubarão, Santa Catarina, Brazil",not reported,not reported,not reported,not reported,not reported,not reported,"[""web-search workbook""]",0.9,not reported,not reported,not reported,not reported,not reported,not reported,"A meteorological tsunami caused multiple faults and physical/electrical damage at a 3 MWp PV plant. Follow-up aerial thermography identified hotspots, bypassed substrings, short-circuited strings, and disconnected strings in a 1 MW block.","[""wind"", ""flood""]",not reported,not reported,User-supplied web-search workbook record PV-0077; source capture statuses: captured (https://rbens.emnuvens.com.br/rbens/article/viewFile/251/207); capture_failed (https://www.researchgate.net/publication/327449616_Aerial_Infrared_Thermography_of_a_Utility-Scale_PV_Plant_After_a_Meteorological_Tsunami_in_Brazil),PVF-091,Discrete incident,3 MW PV research plant in Tubarão,2016-10,2016-10,wind,"[""wind"", ""flood""]",Meteorological tsunami | Severe coastal wind/pressure-wave event | October 2016 meteorological tsunami,"A meteorological tsunami caused multiple faults and physical/electrical damage at a 3 MWp PV plant. Follow-up aerial thermography identified hotspots, bypassed substrings, short-circuited strings, and disconnected strings in a 1 MW block.","A meteorological tsunami caused multiple faults and physical/electrical damage at a 3 MWp PV plant. Follow-up aerial thermography identified hotspots, bypassed substrings, short-circuited strings, and disconnected strings in a 1 MW block.",3 MW,not reported,Tubarão,Tubarão,Santa Catarina,not reported,not reported,unmapped,not_reported,Municipality-level,"This is a weather-driven meteotsunami, not a seismic tsunami.",Severe coastal wind/pressure-wave event | October 2016 meteorological tsunami,Web source: rbens.emnuvens.com.br | Web source: www.researchgate.net,rbens-emnuvens-com-br_207_6d918c8dfa02.pdf,web source,https://rbens.emnuvens.com.br/rbens/article/viewFile/251/207 | https://www.researchgate.net/publication/327449616_Aerial_Infrared_Thermography_of_a_Utility-Scale_PV_Plant_After_a_Meteorological_Tsunami_in_Brazil,verified_websearch_workbook,PV-0077,Meteorological tsunami,Severe coastal wind/pressure-wave event,October 2016 meteorological tsunami,Major,Unknown,3,Academic / engineering study,High,Verified,Confirm formal plant name and exact coordinates,"This is a weather-driven meteotsunami, not a seismic tsunami.",captured | capture_failed
not reported,not reported,not reported,system level,2020-09,not reported,2020,2020,not reported,not reported,not reported,not reported,not reported,United States,"Unnamed school, Sonoma County, California, United States",not reported,not reported,not reported,not reported,not reported,not reported,"[""web-search workbook""]",0.62,not reported,not reported,not reported,not reported,not reported,not reported,Wildfire ash and haze caused more than 66% loss of expected solar production during the first two weeks of September. Physical module damage was not reported.,"[""wildfire"", ""smoke"", ""equipment_failure""]",not reported,not reported,User-supplied web-search workbook record PV-0078; source capture statuses: captured (https://terraverde.energy/wildfire-ash-impacts-on-solar-pv-systems/),PVF-092,Anonymous incident,School PV system affected by wildfire ash,2020-09,2020-09,wildfire,"[""wildfire"", ""smoke"", ""equipment_failure""]",Wildfire ash | Ash deposition and smoke haze | September 2020 California wildfires,Wildfire ash and haze caused more than 66% loss of expected solar production during the first two weeks of September. Physical module damage was not reported.,Wildfire ash and haze caused more than 66% loss of expected solar production during the first two weeks of September. Physical module damage was not reported.,not reported,not reported,Unnamed school,Sonoma County,California,not reported,not reported,unmapped,not_reported,County-level only,Retained as an operational-impact event rather than confirmed physical damage.,Ash deposition and smoke haze | September 2020 California wildfires,Web source: terraverde.energy,terraverde-energy_page_bc7a723c21c5.pdf,web source,https://terraverde.energy/wildfire-ash-impacts-on-solar-pv-systems/,partially_verified_websearch_workbook,PV-0078,Wildfire ash,Ash deposition and smoke haze,September 2020 California wildfires,Operational impact,Unknown,not reported,Industry case study,Medium,Partially verified,Identify the school and obtain monitoring data or owner corroboration,Retained as an operational-impact event rather than confirmed physical damage.,captured
not reported,not reported,not reported,system level,2025-08-19,not reported,2025,2025,not reported,not reported,not reported,not reported,not reported,United States,"Maroa, Macon County, Illinois, United States",not reported,not reported,not reported,not reported,not reported,not reported,"[""web-search workbook""]",0.9,not reported,not reported,not reported,not reported,not reported,not reported,Nexamp confirmed significant damage to the Maroa solar field after overnight storms. The available report did not quantify the number of damaged modules or structures.,"[""tornado"", ""wind""]",not reported,not reported,User-supplied web-search workbook record PV-0079; source capture statuses: captured (https://www.wandtv.com/community/maroa-solar-farm-suffered-significant-damage-from-overnight-storms/article_a6e03577-0e19-480c-bc3c-e931c0e4e753.html); captured (https://www.facebook.com/MaconCountySheriff/posts/please-see-the-shared-information-regarding-the-damaged-maroa-solar-farm-everyon/1095088902801002/),PVF-093,Discrete incident,Maroa Solar Farm,2025-08-19,2025-08-19,tornado,"[""tornado"", ""wind""]",Severe wind | Severe thunderstorm / possible tornado | Overnight severe storms,Nexamp confirmed significant damage to the Maroa solar field after overnight storms. The available report did not quantify the number of damaged modules or structures.,Nexamp confirmed significant damage to the Maroa solar field after overnight storms. The available report did not quantify the number of damaged modules or structures.,not reported,not reported,Maroa,Macon County,Illinois,not reported,not reported,unmapped,not_reported,Municipality-level,Project name and damage confirmation are available; detailed component-loss data remain unavailable.,Severe thunderstorm / possible tornado | Overnight severe storms,Web source: www.wandtv.com | Web source: www.facebook.com,www-wandtv-com_article-a6e03577-0e19-480c-bc3c-e931c0e4e753-html_9108f65e5453.pdf | www-facebook-com_page_a90ad66450d6.pdf,web source,https://www.wandtv.com/community/maroa-solar-farm-suffered-significant-damage-from-overnight-storms/article_a6e03577-0e19-480c-bc3c-e931c0e4e753.html | https://www.facebook.com/MaconCountySheriff/posts/please-see-the-shared-information-regarding-the-damaged-maroa-solar-farm-everyon/1095088902801002/,verified_websearch_workbook,PV-0079,Severe wind,Severe thunderstorm / possible tornado,Overnight severe storms,Major,Unknown,not reported,Owner confirmation reported by local news,High,Verified,Find Nexamp incident statement and determine whether damage was caused by straight-line wind or a tornado.,Project name and damage confirmation are available; detailed component-loss data remain unavailable.,captured | captured
not reported,not reported,not reported,system level,2025-09,not reported,2025,2025,not reported,not reported,not reported,not reported,not reported,China,"Yangjiang, Yangdong District, Guangdong Province, China",not reported,not reported,not reported,not reported,not reported,not reported,"[""web-search workbook""]",0.9,not reported,not reported,not reported,not reported,not reported,not reported,"Plant staff estimated that more than half of the modules at the approximately 1,700-acre facility were destroyed. Panels were twisted, torn apart, or blown from their frames.","[""hurricane"", ""wind""]",not reported,not reported,User-supplied web-search workbook record PV-0080; source capture statuses: captured (https://www.pv-magazine.com/2025/10/03/super-typhoon-ragasa-devastates-solar-and-wind-farms-in-southern-china/),PVF-094,Discrete incident,Xinye Photovoltaic Plant,2025-09,2025-09,hurricane,"[""hurricane"", ""wind""]",Typhoon | Extreme wind / typhoon | Super Typhoon Ragasa,"Plant staff estimated that more than half of the modules at the approximately 1,700-acre facility were destroyed. Panels were twisted, torn apart, or blown from their frames.","Plant staff estimated that more than half of the modules at the approximately 1,700-acre facility were destroyed. Panels were twisted, torn apart, or blown from their frames.",not reported,not reported,Yangjiang,Yangdong District,Guangdong Province,not reported,not reported,unmapped,not_reported,District-level,The plant reportedly began operation in 2015 and was expected to generate 57 GWh annually.,Extreme wind / typhoon | Super Typhoon Ragasa,Web source: www.pv-magazine.com,www-pv-magazine-com_page_74b431c21400.pdf,web source,https://www.pv-magazine.com/2025/10/03/super-typhoon-ragasa-devastates-solar-and-wind-farms-in-southern-china/,verified_websearch_workbook,PV-0080,Typhoon,Extreme wind / typhoon,Super Typhoon Ragasa,Catastrophic,Unknown,not reported,Trade publication / site staff cited,High,Verified,Locate owner or government damage assessment and confirm installed capacity.,The plant reportedly began operation in 2015 and was expected to generate 57 GWh annually.,captured
not reported,not reported,not reported,system level,2026-07-12,not reported,2026,2026,not reported,not reported,not reported,not reported,not reported,United States,"Manchester, Hartford County, Connecticut, United States","41.807000, -72.521000",not reported,not reported,not reported,not reported,not reported,"[""web-search workbook""]",0.9,not reported,not reported,not reported,not reported,not reported,not reported,"Multiple banks of rooftop solar panels were actively burning. An employee used extinguishers before firefighters arrived; crews extinguished the remaining fire. Minor roof damage occurred, no injuries were reported, and the store closed for about one hour.","[""equipment_failure""]",not reported,not reported,User-supplied web-search workbook record PV-0081; source capture statuses: captured (https://www.wfsb.com/2026/07/12/solar-panels-catch-fire-roof-manchester-walmart/); captured (https://www.ctinsider.com/journalinquirer/article/manchester-walmart-solar-panel-fire-roof-reopens-22342397.php),PVF-095,Discrete incident,Walmart rooftop PV system,2026-07-12,2026-07-12,equipment_failure,"[""equipment_failure""]",Fire | Rooftop PV fire | Cause under investigation,"Multiple banks of rooftop solar panels were actively burning. An employee used extinguishers before firefighters arrived; crews extinguished the remaining fire. Minor roof damage occurred, no injuries were reported, and the store closed for about one hour.","Multiple banks of rooftop solar panels were actively burning. An employee used extinguishers before firefighters arrived; crews extinguished the remaining fire. Minor roof damage occurred, no injuries were reported, and the store closed for about one hour.",not reported,not reported,Manchester,Hartford County,Connecticut,41.807000,-72.521000,source_reported_workbook,Street address / city approximate,Workbook coordinate precision: Street address / city approximate.,Address reported as 420 Buckland Hills Drive.,Rooftop PV fire | Cause under investigation,Web source: www.wfsb.com | Web source: www.ctinsider.com,www-wfsb-com_page_e41eed31ac7f.pdf | www-ctinsider-com_manchester-walmart-solar-panel-fire-roof-reopens-22342397-php_e26b234c0a15.pdf,web source,https://www.wfsb.com/2026/07/12/solar-panels-catch-fire-roof-manchester-walmart/ | https://www.ctinsider.com/journalinquirer/article/manchester-walmart-solar-panel-fire-roof-reopens-22342397.php,verified_websearch_workbook,PV-0081,Fire,Rooftop PV fire,Cause under investigation,Localized,Unknown,not reported,Local news / fire department statements,High,Verified,Obtain Manchester Fire Department incident report and final cause determination.,Address reported as 420 Buckland Hills Drive.,captured | captured
not reported,not reported,not reported,system level,2026-06-17,not reported,2026,2026,not reported,not reported,not reported,not reported,not reported,United States,"Boyle Heights, Los Angeles, Los Angeles County, California, United States","34.021000, -118.221000",not reported,not reported,not reported,not reported,not reported,"[""web-search workbook""]",0.9,not reported,not reported,not reported,not reported,not reported,not reported,"A major fire spread across a roughly 491,000–500,000 sq ft cold-storage warehouse with a solar-panel-covered roof. The roof later collapsed, the fire burned for more than a week, and PV equipment was necessarily destroyed or severely damaged.","[""equipment_failure""]",not reported,not reported,User-supplied web-search workbook record PV-0082; source capture statuses: captured (https://mayor.lacity.gov/sites/g/files/wph2066/files/2026-06/Boyle%20Heights%20Fire%20Response%20%26%20Recovery%20Actions%20%28EO%202%29%20-%20Unified%20Recovery%20Command%20.pdf); captured (https://apnews.com/article/b1b32cb5ba57ef519df6d9e83cf6b991),PVF-096,Discrete incident,Lineage cold-storage warehouse rooftop PV,2026-06-17,2026-06-17,equipment_failure,"[""equipment_failure""]",Fire | Warehouse fire involving rooftop PV | Cause under investigation,"A major fire spread across a roughly 491,000–500,000 sq ft cold-storage warehouse with a solar-panel-covered roof. The roof later collapsed, the fire burned for more than a week, and PV equipment was necessarily destroyed or severely damaged.","A major fire spread across a roughly 491,000–500,000 sq ft cold-storage warehouse with a solar-panel-covered roof. The roof later collapsed, the fire burned for more than a week, and PV equipment was necessarily destroyed or severely damaged.",not reported,not reported,"Boyle Heights, Los Angeles",Los Angeles County,California,34.021000,-118.221000,source_reported_workbook,Street-block approximate,Workbook coordinate precision: Street-block approximate.,"Lineage stated that work or testing involving rooftop solar equipment may have preceded the fire, but causation remains under investigation.",Warehouse fire involving rooftop PV | Cause under investigation,Web source: mayor.lacity.gov | Web source: apnews.com,mayor-lacity-gov_boyle-20heights-20fire-20response-20-26-20recovery-20actions-20-28eo-2_87b09a4a2853.pdf | apnews-com_b1b32cb5ba57ef519df6d9e83cf6b991_2ab811c5b694.pdf,web source,https://mayor.lacity.gov/sites/g/files/wph2066/files/2026-06/Boyle%20Heights%20Fire%20Response%20%26%20Recovery%20Actions%20%28EO%202%29%20-%20Unified%20Recovery%20Command%20.pdf | https://apnews.com/article/b1b32cb5ba57ef519df6d9e83cf6b991,verified_websearch_workbook,PV-0082,Fire,Warehouse fire involving rooftop PV,Cause under investigation,Catastrophic,Unknown,not reported,Government / major news,High,Verified,Obtain LAFD investigative report; do not attribute ignition to PV until the cause is finalized.,"Lineage stated that work or testing involving rooftop solar equipment may have preceded the fire, but causation remains under investigation.",captured | captured
not reported,not reported,not reported,system level,2024-08,not reported,2024,2024,not reported,not reported,not reported,not reported,not reported,United States,"Boyle Heights, Los Angeles, Los Angeles County, California, United States","34.021000, -118.221000",not reported,not reported,not reported,not reported,not reported,"[""web-search workbook""]",0.62,not reported,not reported,not reported,not reported,not reported,not reported,An earlier fire began among rooftop solar panels at the same cold-storage warehouse. Firefighters controlled the incident in roughly 50 minutes and saved the building.,"[""equipment_failure""]",not reported,not reported,User-supplied web-search workbook record PV-0083; source capture statuses: captured (https://www.nbclosangeles.com/news/local/boyle-heights-fire-lafd-air-quality-lineage/3907896/); captured (https://www.latimes.com/california/story/2026-07-10/lineage-lobbying-boyle-heights-warehouse-fire),PVF-097,Discrete incident,Lineage cold-storage warehouse rooftop PV,2024-08,2024-08,equipment_failure,"[""equipment_failure""]",Electrical fire | Rooftop PV-area electrical fire | Electrical problem,An earlier fire began among rooftop solar panels at the same cold-storage warehouse. Firefighters controlled the incident in roughly 50 minutes and saved the building.,An earlier fire began among rooftop solar panels at the same cold-storage warehouse. Firefighters controlled the incident in roughly 50 minutes and saved the building.,not reported,not reported,"Boyle Heights, Los Angeles",Los Angeles County,California,34.021000,-118.221000,source_reported_workbook,Street-block approximate,Workbook coordinate precision: Street-block approximate.,The incident is distinct from the June 2026 catastrophic fire at the same facility.,Rooftop PV-area electrical fire | Electrical problem,Web source: www.nbclosangeles.com | Web source: www.latimes.com,www-nbclosangeles-com_page_c506460e5078.pdf | www-latimes-com_lineage-lobbying-boyle-heights-warehouse-fire_20879eda6894.pdf,web source,https://www.nbclosangeles.com/news/local/boyle-heights-fire-lafd-air-quality-lineage/3907896/ | https://www.latimes.com/california/story/2026-07-10/lineage-lobbying-boyle-heights-warehouse-fire,partially_verified_websearch_workbook,PV-0083,Electrical fire,Rooftop PV-area electrical fire,Electrical problem,Localized,Unknown,not reported,Local news / fire department statements,Medium,Partially verified,Obtain the 2024 LAFD incident and investigation records and exact incident date.,The incident is distinct from the June 2026 catastrophic fire at the same facility.,captured | captured
